[    3318ms] [WARNING] cdn.tailwindcss.com should not be used in production. To use Tailwind CSS in production, install it as a PostCSS plugin or use the Tailwind CLI: https://tailwindcss.com/docs/installation @ https://cdn.tailwindcss.com/:63
[   18249ms] [WARNING] cdn.tailwindcss.com should not be used in production. To use Tailwind CSS in production, install it as a PostCSS plugin or use the Tailwind CLI: https://tailwindcss.com/docs/installation @ https://cdn.tailwindcss.com/:63
[40147788ms] [ERROR] Failed to load resource: net::ERR_CONNECTION_RESET @ http://localhost:41670/api/nodes:0
[40147792ms] [ERROR] Failed to load resource: net::ERR_CONNECTION_RESET @ http://localhost:41670/api/nodes:0
[40147796ms] [ERROR] Failed to load resource: net::ERR_CONNECTION_RESET @ http://localhost:41670/api/nodes:0
[40147799ms] [ERROR] Failed to load resource: net::ERR_CONNECTION_RESET @ http://localhost:41670/api/nodes:0
[40147800ms] [ERROR] Failed to load resource: net::ERR_CONNECTION_RESET @ http://localhost:41670/api/activity?limit=50:0
[40147800ms] [ERROR] Failed to load resource: net::ERR_CONNECTION_RESET @ http://localhost:41670/api/nodes:0
[40147802ms] [ERROR] Failed to load resource: net::ERR_CONNECTION_REFUSED @ http://localhost:41670/api/activity?limit=50:0
[40147802ms] [ERROR] Failed to load resource: net::ERR_CONNECTION_REFUSED @ http://localhost:41670/api/nodes:0
[40147804ms] [ERROR] Failed to load resource: net::ERR_CONNECTION_REFUSED @ http://localhost:41670/api/nodes:0
[40147808ms] [ERROR] Failed to load resource: net::ERR_CONNECTION_REFUSED @ http://localhost:41670/api/nodes:0
[40147809ms] [ERROR] Failed to load resource: net::ERR_CONNECTION_REFUSED @ http://localhost:41670/api/nodes:0
[40150876ms] [ERROR] Failed to load resource: net::ERR_CONNECTION_REFUSED @ http://localhost:41670/api/nodes:0
[40152203ms] [ERROR] Failed to load resource: net::ERR_CONNECTION_REFUSED @ http://localhost:41670/api/health:0
[40155873ms] [ERROR] Failed to load resource: net::ERR_CONNECTION_REFUSED @ http://localhost:41670/api/nodes:0
[40157205ms] [ERROR] Failed to load resource: net::ERR_CONNECTION_REFUSED @ http://localhost:41670/api/health:0
[40160177ms] [ERROR] Failed to load resource: net::ERR_CONNECTION_REFUSED @ http://localhost:41670/api/activity?limit=50:0
[40160874ms] [ERROR] Failed to load resource: net::ERR_CONNECTION_REFUSED @ http://localhost:41670/api/nodes:0
[40162209ms] [ERROR] Failed to load resource: net::ERR_CONNECTION_REFUSED @ http://localhost:41670/api/health:0
[40165874ms] [ERROR] Failed to load resource: net::ERR_CONNECTION_REFUSED @ http://localhost:41670/api/nodes:0
[40167211ms] [ERROR] Failed to load resource: net::ERR_CONNECTION_REFUSED @ http://localhost:41670/api/health:0
[40170873ms] [ERROR] Failed to load resource: net::ERR_CONNECTION_REFUSED @ http://localhost:41670/api/nodes:0
[40172214ms] [ERROR] Failed to load resource: net::ERR_CONNECTION_REFUSED @ http://localhost:41670/api/health:0
[40175873ms] [ERROR] Failed to load resource: net::ERR_CONNECTION_REFUSED @ http://localhost:41670/api/nodes:0
[40177217ms] [ERROR] Failed to load resource: net::ERR_CONNECTION_REFUSED @ http://localhost:41670/api/health:0
[40180873ms] [ERROR] Failed to load resource: net::ERR_CONNECTION_REFUSED @ http://localhost:41670/api/nodes:0
[40182220ms] [ERROR] Failed to load resource: net::ERR_CONNECTION_REFUSED @ http://localhost:41670/api/health:0
[40185874ms] [ERROR] Failed to load resource: net::ERR_CONNECTION_REFUSED @ http://localhost:41670/api/nodes:0
[40187222ms] [ERROR] Failed to load resource: net::ERR_CONNECTION_REFUSED @ http://localhost:41670/api/health:0
[40190176ms] [ERROR] Failed to load resource: net::ERR_CONNECTION_REFUSED @ http://localhost:41670/api/activity?limit=50:0
[40190873ms] [ERROR] Failed to load resource: net::ERR_CONNECTION_REFUSED @ http://localhost:41670/api/nodes:0
[40192226ms] [ERROR] Failed to load resource: net::ERR_CONNECTION_REFUSED @ http://localhost:41670/api/health:0
[40195873ms] [ERROR] Failed to load resource: net::ERR_CONNECTION_REFUSED @ http://localhost:41670/api/nodes:0
[40197228ms] [ERROR] Failed to load resource: net::ERR_CONNECTION_REFUSED @ http://localhost:41670/api/health:0
[40200883ms] [ERROR] Failed to load resource: net::ERR_CONNECTION_REFUSED @ http://localhost:41670/api/nodes:0
[40202230ms] [ERROR] Failed to load resource: net::ERR_CONNECTION_REFUSED @ http://localhost:41670/api/health:0
[40205873ms] [ERROR] Failed to load resource: net::ERR_CONNECTION_REFUSED @ http://localhost:41670/api/nodes:0
[40207232ms] [ERROR] Failed to load resource: net::ERR_CONNECTION_REFUSED @ http://localhost:41670/api/health:0
[40210874ms] [ERROR] Failed to load resource: net::ERR_CONNECTION_REFUSED @ http://localhost:41670/api/nodes:0
[40212234ms] [ERROR] Failed to load resource: net::ERR_CONNECTION_REFUSED @ http://localhost:41670/api/health:0
[40215875ms] [ERROR] Failed to load resource: net::ERR_CONNECTION_REFUSED @ http://localhost:41670/api/nodes:0
[40217237ms] [ERROR] Failed to load resource: net::ERR_CONNECTION_REFUSED @ http://localhost:41670/api/health:0
[40220176ms] [ERROR] Failed to load resource: net::ERR_CONNECTION_REFUSED @ http://localhost:41670/api/activity?limit=50:0
[40220873ms] [ERROR] Failed to load resource: net::ERR_CONNECTION_REFUSED @ http://localhost:41670/api/nodes:0
[40222240ms] [ERROR] Failed to load resource: net::ERR_CONNECTION_REFUSED @ http://localhost:41670/api/health:0
[40225873ms] [ERROR] Failed to load resource: net::ERR_CONNECTION_REFUSED @ http://localhost:41670/api/nodes:0
[40227242ms] [ERROR] Failed to load resource: net::ERR_CONNECTION_REFUSED @ http://localhost:41670/api/health:0
[40230873ms] [ERROR] Failed to load resource: net::ERR_CONNECTION_REFUSED @ http://localhost:41670/api/nodes:0
[40232244ms] [ERROR] Failed to load resource: net::ERR_CONNECTION_REFUSED @ http://localhost:41670/api/health:0
[40235874ms] [ERROR] Failed to load resource: net::ERR_CONNECTION_REFUSED @ http://localhost:41670/api/nodes:0
[40237246ms] [ERROR] Failed to load resource: net::ERR_CONNECTION_REFUSED @ http://localhost:41670/api/health:0
[40240873ms] [ERROR] Failed to load resource: net::ERR_CONNECTION_REFUSED @ http://localhost:41670/api/nodes:0
[40242249ms] [ERROR] Failed to load resource: net::ERR_CONNECTION_REFUSED @ http://localhost:41670/api/health:0
[40245873ms] [ERROR] Failed to load resource: net::ERR_CONNECTION_REFUSED @ http://localhost:41670/api/nodes:0
[40247253ms] [ERROR] Failed to load resource: net::ERR_CONNECTION_REFUSED @ http://localhost:41670/api/health:0
[40250176ms] [ERROR] Failed to load resource: net::ERR_CONNECTION_REFUSED @ http://localhost:41670/api/activity?limit=50:0
[40250874ms] [ERROR] Failed to load resource: net::ERR_CONNECTION_REFUSED @ http://localhost:41670/api/nodes:0
[40252254ms] [ERROR] Failed to load resource: net::ERR_CONNECTION_REFUSED @ http://localhost:41670/api/health:0
[40255873ms] [ERROR] Failed to load resource: net::ERR_CONNECTION_REFUSED @ http://localhost:41670/api/nodes:0
[40257256ms] [ERROR] Failed to load resource: net::ERR_CONNECTION_REFUSED @ http://localhost:41670/api/health:0
[40260873ms] [ERROR] Failed to load resource: net::ERR_CONNECTION_REFUSED @ http://localhost:41670/api/nodes:0
[40262259ms] [ERROR] Failed to load resource: net::ERR_CONNECTION_REFUSED @ http://localhost:41670/api/health:0
[40265873ms] [ERROR] Failed to load resource: net::ERR_CONNECTION_REFUSED @ http://localhost:41670/api/nodes:0
[40267262ms] [ERROR] Failed to load resource: net::ERR_CONNECTION_REFUSED @ http://localhost:41670/api/health:0
[40270874ms] [ERROR] Failed to load resource: net::ERR_CONNECTION_REFUSED @ http://localhost:41670/api/nodes:0
[40272265ms] [ERROR] Failed to load resource: net::ERR_CONNECTION_REFUSED @ http://localhost:41670/api/health:0
[40275873ms] [ERROR] Failed to load resource: net::ERR_CONNECTION_REFUSED @ http://localhost:41670/api/nodes:0
[40277268ms] [ERROR] Failed to load resource: net::ERR_CONNECTION_REFUSED @ http://localhost:41670/api/health:0
[40280174ms] [ERROR] Failed to load resource: net::ERR_CONNECTION_REFUSED @ http://localhost:41670/api/activity?limit=50:0
[40280873ms] [ERROR] Failed to load resource: net::ERR_CONNECTION_REFUSED @ http://localhost:41670/api/nodes:0
[40282270ms] [ERROR] Failed to load resource: net::ERR_CONNECTION_REFUSED @ http://localhost:41670/api/health:0
[40285873ms] [ERROR] Failed to load resource: net::ERR_CONNECTION_REFUSED @ http://localhost:41670/api/nodes:0
[40287273ms] [ERROR] Failed to load resource: net::ERR_CONNECTION_REFUSED @ http://localhost:41670/api/health:0
[40290874ms] [ERROR] Failed to load resource: net::ERR_CONNECTION_REFUSED @ http://localhost:41670/api/nodes:0
[40292276ms] [ERROR] Failed to load resource: net::ERR_CONNECTION_REFUSED @ http://localhost:41670/api/health:0
[40295873ms] [ERROR] Failed to load resource: net::ERR_CONNECTION_REFUSED @ http://localhost:41670/api/nodes:0
[40297278ms] [ERROR] Failed to load resource: net::ERR_CONNECTION_REFUSED @ http://localhost:41670/api/health:0
[40300873ms] [ERROR] Failed to load resource: net::ERR_CONNECTION_REFUSED @ http://localhost:41670/api/nodes:0
[40302281ms] [ERROR] Failed to load resource: net::ERR_CONNECTION_REFUSED @ http://localhost:41670/api/health:0
[40305873ms] [ERROR] Failed to load resource: net::ERR_CONNECTION_REFUSED @ http://localhost:41670/api/nodes:0
[40307286ms] [ERROR] Failed to load resource: net::ERR_CONNECTION_REFUSED @ http://localhost:41670/api/health:0
[40310176ms] [ERROR] Failed to load resource: net::ERR_CONNECTION_REFUSED @ http://localhost:41670/api/activity?limit=50:0
[40310873ms] [ERROR] Failed to load resource: net::ERR_CONNECTION_REFUSED @ http://localhost:41670/api/nodes:0
[40312288ms] [ERROR] Failed to load resource: net::ERR_CONNECTION_REFUSED @ http://localhost:41670/api/health:0
[40315873ms] [ERROR] Failed to load resource: net::ERR_CONNECTION_REFUSED @ http://localhost:41670/api/nodes:0
[40317291ms] [ERROR] Failed to load resource: net::ERR_CONNECTION_REFUSED @ http://localhost:41670/api/health:0
[40320874ms] [ERROR] Failed to load resource: net::ERR_CONNECTION_REFUSED @ http://localhost:41670/api/nodes:0
[40322293ms] [ERROR] Failed to load resource: net::ERR_CONNECTION_REFUSED @ http://localhost:41670/api/health:0
[40325873ms] [ERROR] Failed to load resource: net::ERR_CONNECTION_REFUSED @ http://localhost:41670/api/nodes:0
[40327296ms] [ERROR] Failed to load resource: net::ERR_CONNECTION_REFUSED @ http://localhost:41670/api/health:0
[40330873ms] [ERROR] Failed to load resource: net::ERR_CONNECTION_REFUSED @ http://localhost:41670/api/nodes:0
[40332298ms] [ERROR] Failed to load resource: net::ERR_CONNECTION_REFUSED @ http://localhost:41670/api/health:0
[40335875ms] [ERROR] Failed to load resource: net::ERR_CONNECTION_REFUSED @ http://localhost:41670/api/nodes:0
[40337302ms] [ERROR] Failed to load resource: net::ERR_CONNECTION_REFUSED @ http://localhost:41670/api/health:0
[40340175ms] [ERROR] Failed to load resource: net::ERR_CONNECTION_REFUSED @ http://localhost:41670/api/activity?limit=50:0
[40340873ms] [ERROR] Failed to load resource: net::ERR_CONNECTION_REFUSED @ http://localhost:41670/api/nodes:0
[40342305ms] [ERROR] Failed to load resource: net::ERR_CONNECTION_REFUSED @ http://localhost:41670/api/health:0
[40345873ms] [ERROR] Failed to load resource: net::ERR_CONNECTION_REFUSED @ http://localhost:41670/api/nodes:0
[40347307ms] [ERROR] Failed to load resource: net::ERR_CONNECTION_REFUSED @ http://localhost:41670/api/health:0
[40350873ms] [ERROR] Failed to load resource: net::ERR_CONNECTION_REFUSED @ http://localhost:41670/api/nodes:0
[40352311ms] [ERROR] Failed to load resource: net::ERR_CONNECTION_REFUSED @ http://localhost:41670/api/health:0
[40355873ms] [ERROR] Failed to load resource: net::ERR_CONNECTION_REFUSED @ http://localhost:41670/api/nodes:0
[40357314ms] [ERROR] Failed to load resource: net::ERR_CONNECTION_REFUSED @ http://localhost:41670/api/health:0
[40360873ms] [ERROR] Failed to load resource: net::ERR_CONNECTION_REFUSED @ http://localhost:41670/api/nodes:0
[40362317ms] [ERROR] Failed to load resource: net::ERR_CONNECTION_REFUSED @ http://localhost:41670/api/health:0
[40365874ms] [ERROR] Failed to load resource: net::ERR_CONNECTION_REFUSED @ http://localhost:41670/api/nodes:0
[40367320ms] [ERROR] Failed to load resource: net::ERR_CONNECTION_REFUSED @ http://localhost:41670/api/health:0
[40370176ms] [ERROR] Failed to load resource: net::ERR_CONNECTION_REFUSED @ http://localhost:41670/api/activity?limit=50:0
[40370873ms] [ERROR] Failed to load resource: net::ERR_CONNECTION_REFUSED @ http://localhost:41670/api/nodes:0
[40372322ms] [ERROR] Failed to load resource: net::ERR_CONNECTION_REFUSED @ http://localhost:41670/api/health:0
[40375873ms] [ERROR] Failed to load resource: net::ERR_CONNECTION_REFUSED @ http://localhost:41670/api/nodes:0
[40377324ms] [ERROR] Failed to load resource: net::ERR_CONNECTION_REFUSED @ http://localhost:41670/api/health:0
[40380874ms] [ERROR] Failed to load resource: net::ERR_CONNECTION_REFUSED @ http://localhost:41670/api/nodes:0
[40382326ms] [ERROR] Failed to load resource: net::ERR_CONNECTION_REFUSED @ http://localhost:41670/api/health:0
[40385873ms] [ERROR] Failed to load resource: net::ERR_CONNECTION_REFUSED @ http://localhost:41670/api/nodes:0
[40387328ms] [ERROR] Failed to load resource: net::ERR_CONNECTION_REFUSED @ http://localhost:41670/api/health:0
[40390873ms] [ERROR] Failed to load resource: net::ERR_CONNECTION_REFUSED @ http://localhost:41670/api/nodes:0
[40392330ms] [ERROR] Failed to load resource: net::ERR_CONNECTION_REFUSED @ http://localhost:41670/api/health:0
[40395875ms] [ERROR] Failed to load resource: net::ERR_CONNECTION_REFUSED @ http://localhost:41670/api/nodes:0
[40397333ms] [ERROR] Failed to load resource: net::ERR_CONNECTION_REFUSED @ http://localhost:41670/api/health:0
[40400174ms] [ERROR] Failed to load resource: net::ERR_CONNECTION_REFUSED @ http://localhost:41670/api/activity?limit=50:0
[40400873ms] [ERROR] Failed to load resource: net::ERR_CONNECTION_REFUSED @ http://localhost:41670/api/nodes:0
[40402336ms] [ERROR] Failed to load resource: net::ERR_CONNECTION_REFUSED @ http://localhost:41670/api/health:0
[40405873ms] [ERROR] Failed to load resource: net::ERR_CONNECTION_REFUSED @ http://localhost:41670/api/nodes:0
[40407339ms] [ERROR] Failed to load resource: net::ERR_CONNECTION_REFUSED @ http://localhost:41670/api/health:0
[40410873ms] [ERROR] Failed to load resource: net::ERR_CONNECTION_REFUSED @ http://localhost:41670/api/nodes:0
[40412342ms] [ERROR] Failed to load resource: net::ERR_CONNECTION_REFUSED @ http://localhost:41670/api/health:0
[40415873ms] [ERROR] Failed to load resource: net::ERR_CONNECTION_REFUSED @ http://localhost:41670/api/nodes:0
[40417344ms] [ERROR] Failed to load resource: net::ERR_CONNECTION_REFUSED @ http://localhost:41670/api/health:0
[40420873ms] [ERROR] Failed to load resource: net::ERR_CONNECTION_REFUSED @ http://localhost:41670/api/nodes:0
[40422347ms] [ERROR] Failed to load resource: net::ERR_CONNECTION_REFUSED @ http://localhost:41670/api/health:0
[40425873ms] [ERROR] Failed to load resource: net::ERR_CONNECTION_REFUSED @ http://localhost:41670/api/nodes:0
[40427349ms] [ERROR] Failed to load resource: net::ERR_CONNECTION_REFUSED @ http://localhost:41670/api/health:0
[40430174ms] [ERROR] Failed to load resource: net::ERR_CONNECTION_REFUSED @ http://localhost:41670/api/activity?limit=50:0
[40430872ms] [ERROR] Failed to load resource: net::ERR_CONNECTION_REFUSED @ http://localhost:41670/api/nodes:0
[40432351ms] [ERROR] Failed to load resource: net::ERR_CONNECTION_REFUSED @ http://localhost:41670/api/health:0
[40435873ms] [ERROR] Failed to load resource: net::ERR_CONNECTION_REFUSED @ http://localhost:41670/api/nodes:0
[40437353ms] [ERROR] Failed to load resource: net::ERR_CONNECTION_REFUSED @ http://localhost:41670/api/health:0
[40440873ms] [ERROR] Failed to load resource: net::ERR_CONNECTION_REFUSED @ http://localhost:41670/api/nodes:0
[40442355ms] [ERROR] Failed to load resource: net::ERR_CONNECTION_REFUSED @ http://localhost:41670/api/health:0
[40445872ms] [ERROR] Failed to load resource: net::ERR_CONNECTION_REFUSED @ http://localhost:41670/api/nodes:0
[40447359ms] [ERROR] Failed to load resource: net::ERR_CONNECTION_REFUSED @ http://localhost:41670/api/health:0
[40450873ms] [ERROR] Failed to load resource: net::ERR_CONNECTION_REFUSED @ http://localhost:41670/api/nodes:0
[40452362ms] [ERROR] Failed to load resource: net::ERR_CONNECTION_REFUSED @ http://localhost:41670/api/health:0
[40455872ms] [ERROR] Failed to load resource: net::ERR_CONNECTION_REFUSED @ http://localhost:41670/api/nodes:0
[40457365ms] [ERROR] Failed to load resource: net::ERR_CONNECTION_REFUSED @ http://localhost:41670/api/health:0
[40460176ms] [ERROR] Failed to load resource: net::ERR_CONNECTION_REFUSED @ http://localhost:41670/api/activity?limit=50:0
[40460873ms] [ERROR] Failed to load resource: net::ERR_CONNECTION_REFUSED @ http://localhost:41670/api/nodes:0
[40462368ms] [ERROR] Failed to load resource: net::ERR_CONNECTION_REFUSED @ http://localhost:41670/api/health:0
[40465873ms] [ERROR] Failed to load resource: net::ERR_CONNECTION_REFUSED @ http://localhost:41670/api/nodes:0
[40467370ms] [ERROR] Failed to load resource: net::ERR_CONNECTION_REFUSED @ http://localhost:41670/api/health:0
[40470873ms] [ERROR] Failed to load resource: net::ERR_CONNECTION_REFUSED @ http://localhost:41670/api/nodes:0
[40472372ms] [ERROR] Failed to load resource: net::ERR_CONNECTION_REFUSED @ http://localhost:41670/api/health:0
[40475873ms] [ERROR] Failed to load resource: net::ERR_CONNECTION_REFUSED @ http://localhost:41670/api/nodes:0
[40477374ms] [ERROR] Failed to load resource: net::ERR_CONNECTION_REFUSED @ http://localhost:41670/api/health:0
[40480872ms] [ERROR] Failed to load resource: net::ERR_CONNECTION_REFUSED @ http://localhost:41670/api/nodes:0
[40482377ms] [ERROR] Failed to load resource: net::ERR_CONNECTION_REFUSED @ http://localhost:41670/api/health:0
[40485872ms] [ERROR] Failed to load resource: net::ERR_CONNECTION_REFUSED @ http://localhost:41670/api/nodes:0
[40487379ms] [ERROR] Failed to load resource: net::ERR_CONNECTION_REFUSED @ http://localhost:41670/api/health:0
[40490174ms] [ERROR] Failed to load resource: net::ERR_CONNECTION_REFUSED @ http://localhost:41670/api/activity?limit=50:0
[40490871ms] [ERROR] Failed to load resource: net::ERR_CONNECTION_REFUSED @ http://localhost:41670/api/nodes:0
[40492382ms] [ERROR] Failed to load resource: net::ERR_CONNECTION_REFUSED @ http://localhost:41670/api/health:0
[40495873ms] [ERROR] Failed to load resource: net::ERR_CONNECTION_REFUSED @ http://localhost:41670/api/nodes:0
[40497384ms] [ERROR] Failed to load resource: net::ERR_CONNECTION_REFUSED @ http://localhost:41670/api/health:0
[40500872ms] [ERROR] Failed to load resource: net::ERR_CONNECTION_REFUSED @ http://localhost:41670/api/nodes:0
[40502386ms] [ERROR] Failed to load resource: net::ERR_CONNECTION_REFUSED @ http://localhost:41670/api/health:0
[40505872ms] [ERROR] Failed to load resource: net::ERR_CONNECTION_REFUSED @ http://localhost:41670/api/nodes:0
[40507388ms] [ERROR] Failed to load resource: net::ERR_CONNECTION_REFUSED @ http://localhost:41670/api/health:0
[40510872ms] [ERROR] Failed to load resource: net::ERR_CONNECTION_REFUSED @ http://localhost:41670/api/nodes:0
[40512391ms] [ERROR] Failed to load resource: net::ERR_CONNECTION_REFUSED @ http://localhost:41670/api/health:0
[40515873ms] [ERROR] Failed to load resource: net::ERR_CONNECTION_REFUSED @ http://localhost:41670/api/nodes:0
[40517393ms] [ERROR] Failed to load resource: net::ERR_CONNECTION_REFUSED @ http://localhost:41670/api/health:0
[40520174ms] [ERROR] Failed to load resource: net::ERR_CONNECTION_REFUSED @ http://localhost:41670/api/activity?limit=50:0
[40520872ms] [ERROR] Failed to load resource: net::ERR_CONNECTION_REFUSED @ http://localhost:41670/api/nodes:0
[40522397ms] [ERROR] Failed to load resource: net::ERR_CONNECTION_REFUSED @ http://localhost:41670/api/health:0
[40525873ms] [ERROR] Failed to load resource: net::ERR_CONNECTION_REFUSED @ http://localhost:41670/api/nodes:0
[40527400ms] [ERROR] Failed to load resource: net::ERR_CONNECTION_REFUSED @ http://localhost:41670/api/health:0
[40530872ms] [ERROR] Failed to load resource: net::ERR_CONNECTION_REFUSED @ http://localhost:41670/api/nodes:0
[40532403ms] [ERROR] Failed to load resource: net::ERR_CONNECTION_REFUSED @ http://localhost:41670/api/health:0
[40535873ms] [ERROR] Failed to load resource: net::ERR_CONNECTION_REFUSED @ http://localhost:41670/api/nodes:0
[40537406ms] [ERROR] Failed to load resource: net::ERR_CONNECTION_REFUSED @ http://localhost:41670/api/health:0
[40540873ms] [ERROR] Failed to load resource: net::ERR_CONNECTION_REFUSED @ http://localhost:41670/api/nodes:0
[40542408ms] [ERROR] Failed to load resource: net::ERR_CONNECTION_REFUSED @ http://localhost:41670/api/health:0
[40545872ms] [ERROR] Failed to load resource: net::ERR_CONNECTION_REFUSED @ http://localhost:41670/api/nodes:0
[40547411ms] [ERROR] Failed to load resource: net::ERR_CONNECTION_REFUSED @ http://localhost:41670/api/health:0
[40550174ms] [ERROR] Failed to load resource: net::ERR_CONNECTION_REFUSED @ http://localhost:41670/api/activity?limit=50:0
[40550873ms] [ERROR] Failed to load resource: net::ERR_CONNECTION_REFUSED @ http://localhost:41670/api/nodes:0
[40552413ms] [ERROR] Failed to load resource: net::ERR_CONNECTION_REFUSED @ http://localhost:41670/api/health:0
[40555873ms] [ERROR] Failed to load resource: net::ERR_CONNECTION_REFUSED @ http://localhost:41670/api/nodes:0
[40557415ms] [ERROR] Failed to load resource: net::ERR_CONNECTION_REFUSED @ http://localhost:41670/api/health:0
[40560873ms] [ERROR] Failed to load resource: net::ERR_CONNECTION_REFUSED @ http://localhost:41670/api/nodes:0
[40562418ms] [ERROR] Failed to load resource: net::ERR_CONNECTION_REFUSED @ http://localhost:41670/api/health:0
[40565873ms] [ERROR] Failed to load resource: net::ERR_CONNECTION_REFUSED @ http://localhost:41670/api/nodes:0
[40567425ms] [ERROR] Failed to load resource: net::ERR_CONNECTION_REFUSED @ http://localhost:41670/api/health:0
[40570873ms] [ERROR] Failed to load resource: net::ERR_CONNECTION_REFUSED @ http://localhost:41670/api/nodes:0
[40572427ms] [ERROR] Failed to load resource: net::ERR_CONNECTION_REFUSED @ http://localhost:41670/api/health:0
[40575873ms] [ERROR] Failed to load resource: net::ERR_CONNECTION_REFUSED @ http://localhost:41670/api/nodes:0
[40577430ms] [ERROR] Failed to load resource: net::ERR_CONNECTION_REFUSED @ http://localhost:41670/api/health:0
[40580175ms] [ERROR] Failed to load resource: net::ERR_CONNECTION_REFUSED @ http://localhost:41670/api/activity?limit=50:0
[40580872ms] [ERROR] Failed to load resource: net::ERR_CONNECTION_REFUSED @ http://localhost:41670/api/nodes:0
[40582432ms] [ERROR] Failed to load resource: net::ERR_CONNECTION_REFUSED @ http://localhost:41670/api/health:0
[40585872ms] [ERROR] Failed to load resource: net::ERR_CONNECTION_REFUSED @ http://localhost:41670/api/nodes:0
[40587433ms] [ERROR] Failed to load resource: net::ERR_CONNECTION_REFUSED @ http://localhost:41670/api/health:0
[40590872ms] [ERROR] Failed to load resource: net::ERR_CONNECTION_REFUSED @ http://localhost:41670/api/nodes:0
[40592436ms] [ERROR] Failed to load resource: net::ERR_CONNECTION_REFUSED @ http://localhost:41670/api/health:0
[40595871ms] [ERROR] Failed to load resource: net::ERR_CONNECTION_REFUSED @ http://localhost:41670/api/nodes:0
[40597438ms] [ERROR] Failed to load resource: net::ERR_CONNECTION_REFUSED @ http://localhost:41670/api/health:0
[40600871ms] [ERROR] Failed to load resource: net::ERR_CONNECTION_REFUSED @ http://localhost:41670/api/nodes:0
[40602441ms] [ERROR] Failed to load resource: net::ERR_CONNECTION_REFUSED @ http://localhost:41670/api/health:0
[40605872ms] [ERROR] Failed to load resource: net::ERR_CONNECTION_REFUSED @ http://localhost:41670/api/nodes:0
[40607444ms] [ERROR] Failed to load resource: net::ERR_CONNECTION_REFUSED @ http://localhost:41670/api/health:0
[40610173ms] [ERROR] Failed to load resource: net::ERR_CONNECTION_REFUSED @ http://localhost:41670/api/activity?limit=50:0
[40610872ms] [ERROR] Failed to load resource: net::ERR_CONNECTION_REFUSED @ http://localhost:41670/api/nodes:0
[40612446ms] [ERROR] Failed to load resource: net::ERR_CONNECTION_REFUSED @ http://localhost:41670/api/health:0
[40615872ms] [ERROR] Failed to load resource: net::ERR_CONNECTION_REFUSED @ http://localhost:41670/api/nodes:0
[40617449ms] [ERROR] Failed to load resource: net::ERR_CONNECTION_REFUSED @ http://localhost:41670/api/health:0
[40620872ms] [ERROR] Failed to load resource: net::ERR_CONNECTION_REFUSED @ http://localhost:41670/api/nodes:0
[40622451ms] [ERROR] Failed to load resource: net::ERR_CONNECTION_REFUSED @ http://localhost:41670/api/health:0
[40625872ms] [ERROR] Failed to load resource: net::ERR_CONNECTION_REFUSED @ http://localhost:41670/api/nodes:0
[40627453ms] [ERROR] Failed to load resource: net::ERR_CONNECTION_REFUSED @ http://localhost:41670/api/health:0
[40630873ms] [ERROR] Failed to load resource: net::ERR_CONNECTION_REFUSED @ http://localhost:41670/api/nodes:0
[40632456ms] [ERROR] Failed to load resource: net::ERR_CONNECTION_REFUSED @ http://localhost:41670/api/health:0
[40635872ms] [ERROR] Failed to load resource: net::ERR_CONNECTION_REFUSED @ http://localhost:41670/api/nodes:0
[40637459ms] [ERROR] Failed to load resource: net::ERR_CONNECTION_REFUSED @ http://localhost:41670/api/health:0
[40640175ms] [ERROR] Failed to load resource: net::ERR_CONNECTION_REFUSED @ http://localhost:41670/api/activity?limit=50:0
[40640872ms] [ERROR] Failed to load resource: net::ERR_CONNECTION_REFUSED @ http://localhost:41670/api/nodes:0
[40642462ms] [ERROR] Failed to load resource: net::ERR_CONNECTION_REFUSED @ http://localhost:41670/api/health:0
[40645872ms] [ERROR] Failed to load resource: net::ERR_CONNECTION_REFUSED @ http://localhost:41670/api/nodes:0
[40647465ms] [ERROR] Failed to load resource: net::ERR_CONNECTION_REFUSED @ http://localhost:41670/api/health:0
[40650872ms] [ERROR] Failed to load resource: net::ERR_CONNECTION_REFUSED @ http://localhost:41670/api/nodes:0
[40652466ms] [ERROR] Failed to load resource: net::ERR_CONNECTION_REFUSED @ http://localhost:41670/api/health:0
[40655872ms] [ERROR] Failed to load resource: net::ERR_CONNECTION_REFUSED @ http://localhost:41670/api/nodes:0
[40657468ms] [ERROR] Failed to load resource: net::ERR_CONNECTION_REFUSED @ http://localhost:41670/api/health:0
[40660872ms] [ERROR] Failed to load resource: net::ERR_CONNECTION_REFUSED @ http://localhost:41670/api/nodes:0
[40662471ms] [ERROR] Failed to load resource: net::ERR_CONNECTION_REFUSED @ http://localhost:41670/api/health:0
[40665872ms] [ERROR] Failed to load resource: net::ERR_CONNECTION_REFUSED @ http://localhost:41670/api/nodes:0
[40667475ms] [ERROR] Failed to load resource: net::ERR_CONNECTION_REFUSED @ http://localhost:41670/api/health:0
[40670174ms] [ERROR] Failed to load resource: net::ERR_CONNECTION_REFUSED @ http://localhost:41670/api/activity?limit=50:0
[40670872ms] [ERROR] Failed to load resource: net::ERR_CONNECTION_REFUSED @ http://localhost:41670/api/nodes:0
[40672478ms] [ERROR] Failed to load resource: net::ERR_CONNECTION_REFUSED @ http://localhost:41670/api/health:0
[40675872ms] [ERROR] Failed to load resource: net::ERR_CONNECTION_REFUSED @ http://localhost:41670/api/nodes:0
[40677480ms] [ERROR] Failed to load resource: net::ERR_CONNECTION_REFUSED @ http://localhost:41670/api/health:0
[40680871ms] [ERROR] Failed to load resource: net::ERR_CONNECTION_REFUSED @ http://localhost:41670/api/nodes:0
[40682484ms] [ERROR] Failed to load resource: net::ERR_CONNECTION_REFUSED @ http://localhost:41670/api/health:0
[40685872ms] [ERROR] Failed to load resource: net::ERR_CONNECTION_REFUSED @ http://localhost:41670/api/nodes:0
[40687486ms] [ERROR] Failed to load resource: net::ERR_CONNECTION_REFUSED @ http://localhost:41670/api/health:0
[40690872ms] [ERROR] Failed to load resource: net::ERR_CONNECTION_REFUSED @ http://localhost:41670/api/nodes:0
[40692490ms] [ERROR] Failed to load resource: net::ERR_CONNECTION_REFUSED @ http://localhost:41670/api/health:0
[40695872ms] [ERROR] Failed to load resource: net::ERR_CONNECTION_REFUSED @ http://localhost:41670/api/nodes:0
[40697493ms] [ERROR] Failed to load resource: net::ERR_CONNECTION_REFUSED @ http://localhost:41670/api/health:0
[40700172ms] [ERROR] Failed to load resource: net::ERR_CONNECTION_REFUSED @ http://localhost:41670/api/activity?limit=50:0
[40700871ms] [ERROR] Failed to load resource: net::ERR_CONNECTION_REFUSED @ http://localhost:41670/api/nodes:0
[40702495ms] [ERROR] Failed to load resource: net::ERR_CONNECTION_REFUSED @ http://localhost:41670/api/health:0
[40705871ms] [ERROR] Failed to load resource: net::ERR_CONNECTION_REFUSED @ http://localhost:41670/api/nodes:0
[40707498ms] [ERROR] Failed to load resource: net::ERR_CONNECTION_REFUSED @ http://localhost:41670/api/health:0
[40710872ms] [ERROR] Failed to load resource: net::ERR_CONNECTION_REFUSED @ http://localhost:41670/api/nodes:0
[40712501ms] [ERROR] Failed to load resource: net::ERR_CONNECTION_REFUSED @ http://localhost:41670/api/health:0
[40715872ms] [ERROR] Failed to load resource: net::ERR_CONNECTION_REFUSED @ http://localhost:41670/api/nodes:0
[40717503ms] [ERROR] Failed to load resource: net::ERR_CONNECTION_REFUSED @ http://localhost:41670/api/health:0
[40720872ms] [ERROR] Failed to load resource: net::ERR_CONNECTION_REFUSED @ http://localhost:41670/api/nodes:0
[40722507ms] [ERROR] Failed to load resource: net::ERR_CONNECTION_REFUSED @ http://localhost:41670/api/health:0
[40725872ms] [ERROR] Failed to load resource: net::ERR_CONNECTION_REFUSED @ http://localhost:41670/api/nodes:0
[40727509ms] [ERROR] Failed to load resource: net::ERR_CONNECTION_REFUSED @ http://localhost:41670/api/health:0
[40730174ms] [ERROR] Failed to load resource: net::ERR_CONNECTION_REFUSED @ http://localhost:41670/api/activity?limit=50:0
[40730872ms] [ERROR] Failed to load resource: net::ERR_CONNECTION_REFUSED @ http://localhost:41670/api/nodes:0
[40732511ms] [ERROR] Failed to load resource: net::ERR_CONNECTION_REFUSED @ http://localhost:41670/api/health:0
[40735872ms] [ERROR] Failed to load resource: net::ERR_CONNECTION_REFUSED @ http://localhost:41670/api/nodes:0
[40737514ms] [ERROR] Failed to load resource: net::ERR_CONNECTION_REFUSED @ http://localhost:41670/api/health:0
[40740872ms] [ERROR] Failed to load resource: net::ERR_CONNECTION_REFUSED @ http://localhost:41670/api/nodes:0
[40742518ms] [ERROR] Failed to load resource: net::ERR_CONNECTION_REFUSED @ http://localhost:41670/api/health:0
[40745871ms] [ERROR] Failed to load resource: net::ERR_CONNECTION_REFUSED @ http://localhost:41670/api/nodes:0
[40747521ms] [ERROR] Failed to load resource: net::ERR_CONNECTION_REFUSED @ http://localhost:41670/api/health:0
[40750871ms] [ERROR] Failed to load resource: net::ERR_CONNECTION_REFUSED @ http://localhost:41670/api/nodes:0
[40752524ms] [ERROR] Failed to load resource: net::ERR_CONNECTION_REFUSED @ http://localhost:41670/api/health:0
[40755871ms] [ERROR] Failed to load resource: net::ERR_CONNECTION_REFUSED @ http://localhost:41670/api/nodes:0
[40757527ms] [ERROR] Failed to load resource: net::ERR_CONNECTION_REFUSED @ http://localhost:41670/api/health:0
[40760172ms] [ERROR] Failed to load resource: net::ERR_CONNECTION_REFUSED @ http://localhost:41670/api/activity?limit=50:0
[40760872ms] [ERROR] Failed to load resource: net::ERR_CONNECTION_REFUSED @ http://localhost:41670/api/nodes:0
[40762530ms] [ERROR] Failed to load resource: net::ERR_CONNECTION_REFUSED @ http://localhost:41670/api/health:0
[40765871ms] [ERROR] Failed to load resource: net::ERR_CONNECTION_REFUSED @ http://localhost:41670/api/nodes:0
[40767533ms] [ERROR] Failed to load resource: net::ERR_CONNECTION_REFUSED @ http://localhost:41670/api/health:0
[40770872ms] [ERROR] Failed to load resource: net::ERR_CONNECTION_REFUSED @ http://localhost:41670/api/nodes:0
[40772536ms] [ERROR] Failed to load resource: net::ERR_CONNECTION_REFUSED @ http://localhost:41670/api/health:0
[40775872ms] [ERROR] Failed to load resource: net::ERR_CONNECTION_REFUSED @ http://localhost:41670/api/nodes:0
[40777539ms] [ERROR] Failed to load resource: net::ERR_CONNECTION_REFUSED @ http://localhost:41670/api/health:0
[40780871ms] [ERROR] Failed to load resource: net::ERR_CONNECTION_REFUSED @ http://localhost:41670/api/nodes:0
[40782543ms] [ERROR] Failed to load resource: net::ERR_CONNECTION_REFUSED @ http://localhost:41670/api/health:0
[40785872ms] [ERROR] Failed to load resource: net::ERR_CONNECTION_REFUSED @ http://localhost:41670/api/nodes:0
[40787545ms] [ERROR] Failed to load resource: net::ERR_CONNECTION_REFUSED @ http://localhost:41670/api/health:0
[40790172ms] [ERROR] Failed to load resource: net::ERR_CONNECTION_REFUSED @ http://localhost:41670/api/activity?limit=50:0
[40790872ms] [ERROR] Failed to load resource: net::ERR_CONNECTION_REFUSED @ http://localhost:41670/api/nodes:0
[40792547ms] [ERROR] Failed to load resource: net::ERR_CONNECTION_REFUSED @ http://localhost:41670/api/health:0
[40795871ms] [ERROR] Failed to load resource: net::ERR_CONNECTION_REFUSED @ http://localhost:41670/api/nodes:0
[40797550ms] [ERROR] Failed to load resource: net::ERR_CONNECTION_REFUSED @ http://localhost:41670/api/health:0
[40800871ms] [ERROR] Failed to load resource: net::ERR_CONNECTION_REFUSED @ http://localhost:41670/api/nodes:0
[40802552ms] [ERROR] Failed to load resource: net::ERR_CONNECTION_REFUSED @ http://localhost:41670/api/health:0
[40805871ms] [ERROR] Failed to load resource: net::ERR_CONNECTION_REFUSED @ http://localhost:41670/api/nodes:0
[40807554ms] [ERROR] Failed to load resource: net::ERR_CONNECTION_REFUSED @ http://localhost:41670/api/health:0
[40810871ms] [ERROR] Failed to load resource: net::ERR_CONNECTION_REFUSED @ http://localhost:41670/api/nodes:0
[40812558ms] [ERROR] Failed to load resource: net::ERR_CONNECTION_REFUSED @ http://localhost:41670/api/health:0
[40815870ms] [ERROR] Failed to load resource: net::ERR_CONNECTION_REFUSED @ http://localhost:41670/api/nodes:0
[40817560ms] [ERROR] Failed to load resource: net::ERR_CONNECTION_REFUSED @ http://localhost:41670/api/health:0
[40820173ms] [ERROR] Failed to load resource: net::ERR_CONNECTION_REFUSED @ http://localhost:41670/api/activity?limit=50:0
[40820871ms] [ERROR] Failed to load resource: net::ERR_CONNECTION_REFUSED @ http://localhost:41670/api/nodes:0
[40822563ms] [ERROR] Failed to load resource: net::ERR_CONNECTION_REFUSED @ http://localhost:41670/api/health:0
[40825872ms] [ERROR] Failed to load resource: net::ERR_CONNECTION_REFUSED @ http://localhost:41670/api/nodes:0
[40827565ms] [ERROR] Failed to load resource: net::ERR_CONNECTION_REFUSED @ http://localhost:41670/api/health:0
[40830872ms] [ERROR] Failed to load resource: net::ERR_CONNECTION_REFUSED @ http://localhost:41670/api/nodes:0
[40832567ms] [ERROR] Failed to load resource: net::ERR_CONNECTION_REFUSED @ http://localhost:41670/api/health:0
[40835872ms] [ERROR] Failed to load resource: net::ERR_CONNECTION_REFUSED @ http://localhost:41670/api/nodes:0
[40837569ms] [ERROR] Failed to load resource: net::ERR_CONNECTION_REFUSED @ http://localhost:41670/api/health:0
[40840871ms] [ERROR] Failed to load resource: net::ERR_CONNECTION_REFUSED @ http://localhost:41670/api/nodes:0
[40842572ms] [ERROR] Failed to load resource: net::ERR_CONNECTION_REFUSED @ http://localhost:41670/api/health:0
[40845871ms] [ERROR] Failed to load resource: net::ERR_CONNECTION_REFUSED @ http://localhost:41670/api/nodes:0
[40847574ms] [ERROR] Failed to load resource: net::ERR_CONNECTION_REFUSED @ http://localhost:41670/api/health:0
[40850172ms] [ERROR] Failed to load resource: net::ERR_CONNECTION_REFUSED @ http://localhost:41670/api/activity?limit=50:0
[40850871ms] [ERROR] Failed to load resource: net::ERR_CONNECTION_REFUSED @ http://localhost:41670/api/nodes:0
[40852575ms] [ERROR] Failed to load resource: net::ERR_CONNECTION_REFUSED @ http://localhost:41670/api/health:0
[40855871ms] [ERROR] Failed to load resource: net::ERR_CONNECTION_REFUSED @ http://localhost:41670/api/nodes:0
[40857577ms] [ERROR] Failed to load resource: net::ERR_CONNECTION_REFUSED @ http://localhost:41670/api/health:0
[40860871ms] [ERROR] Failed to load resource: net::ERR_CONNECTION_REFUSED @ http://localhost:41670/api/nodes:0
[40862579ms] [ERROR] Failed to load resource: net::ERR_CONNECTION_REFUSED @ http://localhost:41670/api/health:0
[40865872ms] [ERROR] Failed to load resource: net::ERR_CONNECTION_REFUSED @ http://localhost:41670/api/nodes:0
[40867582ms] [ERROR] Failed to load resource: net::ERR_CONNECTION_REFUSED @ http://localhost:41670/api/health:0
[40870871ms] [ERROR] Failed to load resource: net::ERR_CONNECTION_REFUSED @ http://localhost:41670/api/nodes:0
[40872584ms] [ERROR] Failed to load resource: net::ERR_CONNECTION_REFUSED @ http://localhost:41670/api/health:0
[40875871ms] [ERROR] Failed to load resource: net::ERR_CONNECTION_REFUSED @ http://localhost:41670/api/nodes:0
[40877586ms] [ERROR] Failed to load resource: net::ERR_CONNECTION_REFUSED @ http://localhost:41670/api/health:0
[40880174ms] [ERROR] Failed to load resource: net::ERR_CONNECTION_REFUSED @ http://localhost:41670/api/activity?limit=50:0
[40880871ms] [ERROR] Failed to load resource: net::ERR_CONNECTION_REFUSED @ http://localhost:41670/api/nodes:0
[40882588ms] [ERROR] Failed to load resource: net::ERR_CONNECTION_REFUSED @ http://localhost:41670/api/health:0
[40885871ms] [ERROR] Failed to load resource: net::ERR_CONNECTION_REFUSED @ http://localhost:41670/api/nodes:0
[40887591ms] [ERROR] Failed to load resource: net::ERR_CONNECTION_REFUSED @ http://localhost:41670/api/health:0
[40890871ms] [ERROR] Failed to load resource: net::ERR_CONNECTION_REFUSED @ http://localhost:41670/api/nodes:0
[40892592ms] [ERROR] Failed to load resource: net::ERR_CONNECTION_REFUSED @ http://localhost:41670/api/health:0
[40895871ms] [ERROR] Failed to load resource: net::ERR_CONNECTION_REFUSED @ http://localhost:41670/api/nodes:0
[40897594ms] [ERROR] Failed to load resource: net::ERR_CONNECTION_REFUSED @ http://localhost:41670/api/health:0
[40900871ms] [ERROR] Failed to load resource: net::ERR_CONNECTION_REFUSED @ http://localhost:41670/api/nodes:0
[40902597ms] [ERROR] Failed to load resource: net::ERR_CONNECTION_REFUSED @ http://localhost:41670/api/health:0
[40905870ms] [ERROR] Failed to load resource: net::ERR_CONNECTION_REFUSED @ http://localhost:41670/api/nodes:0
[40907599ms] [ERROR] Failed to load resource: net::ERR_CONNECTION_REFUSED @ http://localhost:41670/api/health:0
[40910175ms] [ERROR] Failed to load resource: net::ERR_CONNECTION_REFUSED @ http://localhost:41670/api/activity?limit=50:0
[40910871ms] [ERROR] Failed to load resource: net::ERR_CONNECTION_REFUSED @ http://localhost:41670/api/nodes:0
[40912602ms] [ERROR] Failed to load resource: net::ERR_CONNECTION_REFUSED @ http://localhost:41670/api/health:0
[40915870ms] [ERROR] Failed to load resource: net::ERR_CONNECTION_REFUSED @ http://localhost:41670/api/nodes:0
[40917605ms] [ERROR] Failed to load resource: net::ERR_CONNECTION_REFUSED @ http://localhost:41670/api/health:0
[40920871ms] [ERROR] Failed to load resource: net::ERR_CONNECTION_REFUSED @ http://localhost:41670/api/nodes:0
[40922607ms] [ERROR] Failed to load resource: net::ERR_CONNECTION_REFUSED @ http://localhost:41670/api/health:0
[40925871ms] [ERROR] Failed to load resource: net::ERR_CONNECTION_REFUSED @ http://localhost:41670/api/nodes:0
[40927609ms] [ERROR] Failed to load resource: net::ERR_CONNECTION_REFUSED @ http://localhost:41670/api/health:0
[40930871ms] [ERROR] Failed to load resource: net::ERR_CONNECTION_REFUSED @ http://localhost:41670/api/nodes:0
[40932611ms] [ERROR] Failed to load resource: net::ERR_CONNECTION_REFUSED @ http://localhost:41670/api/health:0
[40935871ms] [ERROR] Failed to load resource: net::ERR_CONNECTION_REFUSED @ http://localhost:41670/api/nodes:0
[40937614ms] [ERROR] Failed to load resource: net::ERR_CONNECTION_REFUSED @ http://localhost:41670/api/health:0
[40940172ms] [ERROR] Failed to load resource: net::ERR_CONNECTION_REFUSED @ http://localhost:41670/api/activity?limit=50:0
[40940871ms] [ERROR] Failed to load resource: net::ERR_CONNECTION_REFUSED @ http://localhost:41670/api/nodes:0
[40942615ms] [ERROR] Failed to load resource: net::ERR_CONNECTION_REFUSED @ http://localhost:41670/api/health:0
[40945870ms] [ERROR] Failed to load resource: net::ERR_CONNECTION_REFUSED @ http://localhost:41670/api/nodes:0
[40947617ms] [ERROR] Failed to load resource: net::ERR_CONNECTION_REFUSED @ http://localhost:41670/api/health:0
[40950869ms] [ERROR] Failed to load resource: net::ERR_CONNECTION_REFUSED @ http://localhost:41670/api/nodes:0
[40952619ms] [ERROR] Failed to load resource: net::ERR_CONNECTION_REFUSED @ http://localhost:41670/api/health:0
[40955871ms] [ERROR] Failed to load resource: net::ERR_CONNECTION_REFUSED @ http://localhost:41670/api/nodes:0
[40957621ms] [ERROR] Failed to load resource: net::ERR_CONNECTION_REFUSED @ http://localhost:41670/api/health:0
[40960870ms] [ERROR] Failed to load resource: net::ERR_CONNECTION_REFUSED @ http://localhost:41670/api/nodes:0
[40962625ms] [ERROR] Failed to load resource: net::ERR_CONNECTION_REFUSED @ http://localhost:41670/api/health:0
[40965871ms] [ERROR] Failed to load resource: net::ERR_CONNECTION_REFUSED @ http://localhost:41670/api/nodes:0
[40967627ms] [ERROR] Failed to load resource: net::ERR_CONNECTION_REFUSED @ http://localhost:41670/api/health:0
[40970173ms] [ERROR] Failed to load resource: net::ERR_CONNECTION_REFUSED @ http://localhost:41670/api/activity?limit=50:0
[40970870ms] [ERROR] Failed to load resource: net::ERR_CONNECTION_REFUSED @ http://localhost:41670/api/nodes:0
[40972630ms] [ERROR] Failed to load resource: net::ERR_CONNECTION_REFUSED @ http://localhost:41670/api/health:0
[40975870ms] [ERROR] Failed to load resource: net::ERR_CONNECTION_REFUSED @ http://localhost:41670/api/nodes:0
[40977632ms] [ERROR] Failed to load resource: net::ERR_CONNECTION_REFUSED @ http://localhost:41670/api/health:0
[40980870ms] [ERROR] Failed to load resource: net::ERR_CONNECTION_REFUSED @ http://localhost:41670/api/nodes:0
[40982634ms] [ERROR] Failed to load resource: net::ERR_CONNECTION_REFUSED @ http://localhost:41670/api/health:0
[40985871ms] [ERROR] Failed to load resource: net::ERR_CONNECTION_REFUSED @ http://localhost:41670/api/nodes:0
[40987637ms] [ERROR] Failed to load resource: net::ERR_CONNECTION_REFUSED @ http://localhost:41670/api/health:0
[40990871ms] [ERROR] Failed to load resource: net::ERR_CONNECTION_REFUSED @ http://localhost:41670/api/nodes:0
[40992642ms] [ERROR] Failed to load resource: net::ERR_CONNECTION_REFUSED @ http://localhost:41670/api/health:0
[40995871ms] [ERROR] Failed to load resource: net::ERR_CONNECTION_REFUSED @ http://localhost:41670/api/nodes:0
[40997644ms] [ERROR] Failed to load resource: net::ERR_CONNECTION_REFUSED @ http://localhost:41670/api/health:0
[41000172ms] [ERROR] Failed to load resource: net::ERR_CONNECTION_REFUSED @ http://localhost:41670/api/activity?limit=50:0
[41000870ms] [ERROR] Failed to load resource: net::ERR_CONNECTION_REFUSED @ http://localhost:41670/api/nodes:0
[41002647ms] [ERROR] Failed to load resource: net::ERR_CONNECTION_REFUSED @ http://localhost:41670/api/health:0
[41005870ms] [ERROR] Failed to load resource: net::ERR_CONNECTION_REFUSED @ http://localhost:41670/api/nodes:0
[41007650ms] [ERROR] Failed to load resource: net::ERR_CONNECTION_REFUSED @ http://localhost:41670/api/health:0
[41010869ms] [ERROR] Failed to load resource: net::ERR_CONNECTION_REFUSED @ http://localhost:41670/api/nodes:0
[41012653ms] [ERROR] Failed to load resource: net::ERR_CONNECTION_REFUSED @ http://localhost:41670/api/health:0
[41015869ms] [ERROR] Failed to load resource: net::ERR_CONNECTION_REFUSED @ http://localhost:41670/api/nodes:0
[41017656ms] [ERROR] Failed to load resource: net::ERR_CONNECTION_REFUSED @ http://localhost:41670/api/health:0
[41020870ms] [ERROR] Failed to load resource: net::ERR_CONNECTION_REFUSED @ http://localhost:41670/api/nodes:0
[41022659ms] [ERROR] Failed to load resource: net::ERR_CONNECTION_REFUSED @ http://localhost:41670/api/health:0
[41025870ms] [ERROR] Failed to load resource: net::ERR_CONNECTION_REFUSED @ http://localhost:41670/api/nodes:0
[41027663ms] [ERROR] Failed to load resource: net::ERR_CONNECTION_REFUSED @ http://localhost:41670/api/health:0
[41030172ms] [ERROR] Failed to load resource: net::ERR_CONNECTION_REFUSED @ http://localhost:41670/api/activity?limit=50:0
[41030870ms] [ERROR] Failed to load resource: net::ERR_CONNECTION_REFUSED @ http://localhost:41670/api/nodes:0
[41032667ms] [ERROR] Failed to load resource: net::ERR_CONNECTION_REFUSED @ http://localhost:41670/api/health:0
[41035871ms] [ERROR] Failed to load resource: net::ERR_CONNECTION_REFUSED @ http://localhost:41670/api/nodes:0
[41037670ms] [ERROR] Failed to load resource: net::ERR_CONNECTION_REFUSED @ http://localhost:41670/api/health:0
[41040871ms] [ERROR] Failed to load resource: net::ERR_CONNECTION_REFUSED @ http://localhost:41670/api/nodes:0
[41042676ms] [ERROR] Failed to load resource: net::ERR_CONNECTION_REFUSED @ http://localhost:41670/api/health:0
[41045870ms] [ERROR] Failed to load resource: net::ERR_CONNECTION_REFUSED @ http://localhost:41670/api/nodes:0
[41047679ms] [ERROR] Failed to load resource: net::ERR_CONNECTION_REFUSED @ http://localhost:41670/api/health:0
[41050871ms] [ERROR] Failed to load resource: net::ERR_CONNECTION_REFUSED @ http://localhost:41670/api/nodes:0
[41052682ms] [ERROR] Failed to load resource: net::ERR_CONNECTION_REFUSED @ http://localhost:41670/api/health:0
[41055870ms] [ERROR] Failed to load resource: net::ERR_CONNECTION_REFUSED @ http://localhost:41670/api/nodes:0
[41057685ms] [ERROR] Failed to load resource: net::ERR_CONNECTION_REFUSED @ http://localhost:41670/api/health:0
[41060171ms] [ERROR] Failed to load resource: net::ERR_CONNECTION_REFUSED @ http://localhost:41670/api/activity?limit=50:0
[41060870ms] [ERROR] Failed to load resource: net::ERR_CONNECTION_REFUSED @ http://localhost:41670/api/nodes:0
[41062688ms] [ERROR] Failed to load resource: net::ERR_CONNECTION_REFUSED @ http://localhost:41670/api/health:0
[41065870ms] [ERROR] Failed to load resource: net::ERR_CONNECTION_REFUSED @ http://localhost:41670/api/nodes:0
[41067692ms] [ERROR] Failed to load resource: net::ERR_CONNECTION_REFUSED @ http://localhost:41670/api/health:0
[41070870ms] [ERROR] Failed to load resource: net::ERR_CONNECTION_REFUSED @ http://localhost:41670/api/nodes:0
[41072693ms] [ERROR] Failed to load resource: net::ERR_CONNECTION_REFUSED @ http://localhost:41670/api/health:0
[41075870ms] [ERROR] Failed to load resource: net::ERR_CONNECTION_REFUSED @ http://localhost:41670/api/nodes:0
[41077696ms] [ERROR] Failed to load resource: net::ERR_CONNECTION_REFUSED @ http://localhost:41670/api/health:0
[41080870ms] [ERROR] Failed to load resource: net::ERR_CONNECTION_REFUSED @ http://localhost:41670/api/nodes:0
[41082700ms] [ERROR] Failed to load resource: net::ERR_CONNECTION_REFUSED @ http://localhost:41670/api/health:0
[41085870ms] [ERROR] Failed to load resource: net::ERR_CONNECTION_REFUSED @ http://localhost:41670/api/nodes:0
[41087702ms] [ERROR] Failed to load resource: net::ERR_CONNECTION_REFUSED @ http://localhost:41670/api/health:0
[41090172ms] [ERROR] Failed to load resource: net::ERR_CONNECTION_REFUSED @ http://localhost:41670/api/activity?limit=50:0
[41090869ms] [ERROR] Failed to load resource: net::ERR_CONNECTION_REFUSED @ http://localhost:41670/api/nodes:0
[41092704ms] [ERROR] Failed to load resource: net::ERR_CONNECTION_REFUSED @ http://localhost:41670/api/health:0
[41095870ms] [ERROR] Failed to load resource: net::ERR_CONNECTION_REFUSED @ http://localhost:41670/api/nodes:0
[41097708ms] [ERROR] Failed to load resource: net::ERR_CONNECTION_REFUSED @ http://localhost:41670/api/health:0
[41100870ms] [ERROR] Failed to load resource: net::ERR_CONNECTION_REFUSED @ http://localhost:41670/api/nodes:0
[41102711ms] [ERROR] Failed to load resource: net::ERR_CONNECTION_REFUSED @ http://localhost:41670/api/health:0
[41105873ms] [ERROR] Failed to load resource: net::ERR_CONNECTION_REFUSED @ http://localhost:41670/api/nodes:0
[41107716ms] [ERROR] Failed to load resource: net::ERR_CONNECTION_REFUSED @ http://localhost:41670/api/health:0
[41110874ms] [ERROR] Failed to load resource: net::ERR_CONNECTION_REFUSED @ http://localhost:41670/api/nodes:0
[41112722ms] [ERROR] Failed to load resource: net::ERR_CONNECTION_REFUSED @ http://localhost:41670/api/health:0
[41115876ms] [ERROR] Failed to load resource: net::ERR_CONNECTION_REFUSED @ http://localhost:41670/api/nodes:0
[41117727ms] [ERROR] Failed to load resource: net::ERR_CONNECTION_REFUSED @ http://localhost:41670/api/health:0
[41120179ms] [ERROR] Failed to load resource: net::ERR_CONNECTION_REFUSED @ http://localhost:41670/api/activity?limit=50:0
[41120877ms] [ERROR] Failed to load resource: net::ERR_CONNECTION_REFUSED @ http://localhost:41670/api/nodes:0
[41122732ms] [ERROR] Failed to load resource: net::ERR_CONNECTION_REFUSED @ http://localhost:41670/api/health:0
[41125878ms] [ERROR] Failed to load resource: net::ERR_CONNECTION_REFUSED @ http://localhost:41670/api/nodes:0
[41127735ms] [ERROR] Failed to load resource: net::ERR_CONNECTION_REFUSED @ http://localhost:41670/api/health:0
[41130877ms] [ERROR] Failed to load resource: net::ERR_CONNECTION_REFUSED @ http://localhost:41670/api/nodes:0
[41132739ms] [ERROR] Failed to load resource: net::ERR_CONNECTION_REFUSED @ http://localhost:41670/api/health:0
[41135879ms] [ERROR] Failed to load resource: net::ERR_CONNECTION_REFUSED @ http://localhost:41670/api/nodes:0
[41137742ms] [ERROR] Failed to load resource: net::ERR_CONNECTION_REFUSED @ http://localhost:41670/api/health:0
[41140879ms] [ERROR] Failed to load resource: net::ERR_CONNECTION_REFUSED @ http://localhost:41670/api/nodes:0
[41142746ms] [ERROR] Failed to load resource: net::ERR_CONNECTION_REFUSED @ http://localhost:41670/api/health:0
[41145879ms] [ERROR] Failed to load resource: net::ERR_CONNECTION_REFUSED @ http://localhost:41670/api/nodes:0
[41147749ms] [ERROR] Failed to load resource: net::ERR_CONNECTION_REFUSED @ http://localhost:41670/api/health:0
[41150181ms] [ERROR] Failed to load resource: net::ERR_CONNECTION_REFUSED @ http://localhost:41670/api/activity?limit=50:0
[41150878ms] [ERROR] Failed to load resource: net::ERR_CONNECTION_REFUSED @ http://localhost:41670/api/nodes:0
[41152752ms] [ERROR] Failed to load resource: net::ERR_CONNECTION_REFUSED @ http://localhost:41670/api/health:0
[41155878ms] [ERROR] Failed to load resource: net::ERR_CONNECTION_REFUSED @ http://localhost:41670/api/nodes:0
[41157754ms] [ERROR] Failed to load resource: net::ERR_CONNECTION_REFUSED @ http://localhost:41670/api/health:0
[41160879ms] [ERROR] Failed to load resource: net::ERR_CONNECTION_REFUSED @ http://localhost:41670/api/nodes:0
[41162756ms] [ERROR] Failed to load resource: net::ERR_CONNECTION_REFUSED @ http://localhost:41670/api/health:0
[41165879ms] [ERROR] Failed to load resource: net::ERR_CONNECTION_REFUSED @ http://localhost:41670/api/nodes:0
[41167759ms] [ERROR] Failed to load resource: net::ERR_CONNECTION_REFUSED @ http://localhost:41670/api/health:0
[41170879ms] [ERROR] Failed to load resource: net::ERR_CONNECTION_REFUSED @ http://localhost:41670/api/nodes:0
[41172761ms] [ERROR] Failed to load resource: net::ERR_CONNECTION_REFUSED @ http://localhost:41670/api/health:0
[41175878ms] [ERROR] Failed to load resource: net::ERR_CONNECTION_REFUSED @ http://localhost:41670/api/nodes:0
[41177763ms] [ERROR] Failed to load resource: net::ERR_CONNECTION_REFUSED @ http://localhost:41670/api/health:0
[41180182ms] [ERROR] Failed to load resource: net::ERR_CONNECTION_REFUSED @ http://localhost:41670/api/activity?limit=50:0
[41180879ms] [ERROR] Failed to load resource: net::ERR_CONNECTION_REFUSED @ http://localhost:41670/api/nodes:0
[41182767ms] [ERROR] Failed to load resource: net::ERR_CONNECTION_REFUSED @ http://localhost:41670/api/health:0
[41185879ms] [ERROR] Failed to load resource: net::ERR_CONNECTION_REFUSED @ http://localhost:41670/api/nodes:0
[41187770ms] [ERROR] Failed to load resource: net::ERR_CONNECTION_REFUSED @ http://localhost:41670/api/health:0
[41190879ms] [ERROR] Failed to load resource: net::ERR_CONNECTION_REFUSED @ http://localhost:41670/api/nodes:0
[41192774ms] [ERROR] Failed to load resource: net::ERR_CONNECTION_REFUSED @ http://localhost:41670/api/health:0
[41195879ms] [ERROR] Failed to load resource: net::ERR_CONNECTION_REFUSED @ http://localhost:41670/api/nodes:0
[41197777ms] [ERROR] Failed to load resource: net::ERR_CONNECTION_REFUSED @ http://localhost:41670/api/health:0
[41200879ms] [ERROR] Failed to load resource: net::ERR_CONNECTION_REFUSED @ http://localhost:41670/api/nodes:0
[41202779ms] [ERROR] Failed to load resource: net::ERR_CONNECTION_REFUSED @ http://localhost:41670/api/health:0
[41205879ms] [ERROR] Failed to load resource: net::ERR_CONNECTION_REFUSED @ http://localhost:41670/api/nodes:0
[41207784ms] [ERROR] Failed to load resource: net::ERR_CONNECTION_REFUSED @ http://localhost:41670/api/health:0
[41210181ms] [ERROR] Failed to load resource: net::ERR_CONNECTION_REFUSED @ http://localhost:41670/api/activity?limit=50:0
[41210879ms] [ERROR] Failed to load resource: net::ERR_CONNECTION_REFUSED @ http://localhost:41670/api/nodes:0
[41212786ms] [ERROR] Failed to load resource: net::ERR_CONNECTION_REFUSED @ http://localhost:41670/api/health:0
[41215879ms] [ERROR] Failed to load resource: net::ERR_CONNECTION_REFUSED @ http://localhost:41670/api/nodes:0
[41217790ms] [ERROR] Failed to load resource: net::ERR_CONNECTION_REFUSED @ http://localhost:41670/api/health:0
[41220879ms] [ERROR] Failed to load resource: net::ERR_CONNECTION_REFUSED @ http://localhost:41670/api/nodes:0
[41222793ms] [ERROR] Failed to load resource: net::ERR_CONNECTION_REFUSED @ http://localhost:41670/api/health:0
[41225879ms] [ERROR] Failed to load resource: net::ERR_CONNECTION_REFUSED @ http://localhost:41670/api/nodes:0
[41227796ms] [ERROR] Failed to load resource: net::ERR_CONNECTION_REFUSED @ http://localhost:41670/api/health:0
[41230879ms] [ERROR] Failed to load resource: net::ERR_CONNECTION_REFUSED @ http://localhost:41670/api/nodes:0
[41232801ms] [ERROR] Failed to load resource: net::ERR_CONNECTION_REFUSED @ http://localhost:41670/api/health:0
[41235879ms] [ERROR] Failed to load resource: net::ERR_CONNECTION_REFUSED @ http://localhost:41670/api/nodes:0
[41237803ms] [ERROR] Failed to load resource: net::ERR_CONNECTION_REFUSED @ http://localhost:41670/api/health:0
[41240180ms] [ERROR] Failed to load resource: net::ERR_CONNECTION_REFUSED @ http://localhost:41670/api/activity?limit=50:0
[41240880ms] [ERROR] Failed to load resource: net::ERR_CONNECTION_REFUSED @ http://localhost:41670/api/nodes:0
[41242806ms] [ERROR] Failed to load resource: net::ERR_CONNECTION_REFUSED @ http://localhost:41670/api/health:0
[41245879ms] [ERROR] Failed to load resource: net::ERR_CONNECTION_REFUSED @ http://localhost:41670/api/nodes:0
[41247809ms] [ERROR] Failed to load resource: net::ERR_CONNECTION_REFUSED @ http://localhost:41670/api/health:0
[41250879ms] [ERROR] Failed to load resource: net::ERR_CONNECTION_REFUSED @ http://localhost:41670/api/nodes:0
[41252812ms] [ERROR] Failed to load resource: net::ERR_CONNECTION_REFUSED @ http://localhost:41670/api/health:0
[41255879ms] [ERROR] Failed to load resource: net::ERR_CONNECTION_REFUSED @ http://localhost:41670/api/nodes:0
[41257816ms] [ERROR] Failed to load resource: net::ERR_CONNECTION_REFUSED @ http://localhost:41670/api/health:0
[41260879ms] [ERROR] Failed to load resource: net::ERR_CONNECTION_REFUSED @ http://localhost:41670/api/nodes:0
[41262818ms] [ERROR] Failed to load resource: net::ERR_CONNECTION_REFUSED @ http://localhost:41670/api/health:0
[41265880ms] [ERROR] Failed to load resource: net::ERR_CONNECTION_REFUSED @ http://localhost:41670/api/nodes:0
[41267821ms] [ERROR] Failed to load resource: net::ERR_CONNECTION_REFUSED @ http://localhost:41670/api/health:0
[41270180ms] [ERROR] Failed to load resource: net::ERR_CONNECTION_REFUSED @ http://localhost:41670/api/activity?limit=50:0
[41270879ms] [ERROR] Failed to load resource: net::ERR_CONNECTION_REFUSED @ http://localhost:41670/api/nodes:0
[41272824ms] [ERROR] Failed to load resource: net::ERR_CONNECTION_REFUSED @ http://localhost:41670/api/health:0
[41275879ms] [ERROR] Failed to load resource: net::ERR_CONNECTION_REFUSED @ http://localhost:41670/api/nodes:0
[41277827ms] [ERROR] Failed to load resource: net::ERR_CONNECTION_REFUSED @ http://localhost:41670/api/health:0
[41280880ms] [ERROR] Failed to load resource: net::ERR_CONNECTION_REFUSED @ http://localhost:41670/api/nodes:0
[41282830ms] [ERROR] Failed to load resource: net::ERR_CONNECTION_REFUSED @ http://localhost:41670/api/health:0
[41285879ms] [ERROR] Failed to load resource: net::ERR_CONNECTION_REFUSED @ http://localhost:41670/api/nodes:0
[41287834ms] [ERROR] Failed to load resource: net::ERR_CONNECTION_REFUSED @ http://localhost:41670/api/health:0
[41290879ms] [ERROR] Failed to load resource: net::ERR_CONNECTION_REFUSED @ http://localhost:41670/api/nodes:0
[41292836ms] [ERROR] Failed to load resource: net::ERR_CONNECTION_REFUSED @ http://localhost:41670/api/health:0
[41295880ms] [ERROR] Failed to load resource: net::ERR_CONNECTION_REFUSED @ http://localhost:41670/api/nodes:0
[41297840ms] [ERROR] Failed to load resource: net::ERR_CONNECTION_REFUSED @ http://localhost:41670/api/health:0
[41300181ms] [ERROR] Failed to load resource: net::ERR_CONNECTION_REFUSED @ http://localhost:41670/api/activity?limit=50:0
[41300880ms] [ERROR] Failed to load resource: net::ERR_CONNECTION_REFUSED @ http://localhost:41670/api/nodes:0
[41302845ms] [ERROR] Failed to load resource: net::ERR_CONNECTION_REFUSED @ http://localhost:41670/api/health:0
[41305880ms] [ERROR] Failed to load resource: net::ERR_CONNECTION_REFUSED @ http://localhost:41670/api/nodes:0
[41307849ms] [ERROR] Failed to load resource: net::ERR_CONNECTION_REFUSED @ http://localhost:41670/api/health:0
[41310879ms] [ERROR] Failed to load resource: net::ERR_CONNECTION_REFUSED @ http://localhost:41670/api/nodes:0
[41312852ms] [ERROR] Failed to load resource: net::ERR_CONNECTION_REFUSED @ http://localhost:41670/api/health:0
[41315879ms] [ERROR] Failed to load resource: net::ERR_CONNECTION_REFUSED @ http://localhost:41670/api/nodes:0
[41317858ms] [ERROR] Failed to load resource: net::ERR_CONNECTION_REFUSED @ http://localhost:41670/api/health:0
[41320879ms] [ERROR] Failed to load resource: net::ERR_CONNECTION_REFUSED @ http://localhost:41670/api/nodes:0
[41322860ms] [ERROR] Failed to load resource: net::ERR_CONNECTION_REFUSED @ http://localhost:41670/api/health:0
[41325879ms] [ERROR] Failed to load resource: net::ERR_CONNECTION_REFUSED @ http://localhost:41670/api/nodes:0
[41327864ms] [ERROR] Failed to load resource: net::ERR_CONNECTION_REFUSED @ http://localhost:41670/api/health:0
[41330181ms] [ERROR] Failed to load resource: net::ERR_CONNECTION_REFUSED @ http://localhost:41670/api/activity?limit=50:0
[41330880ms] [ERROR] Failed to load resource: net::ERR_CONNECTION_REFUSED @ http://localhost:41670/api/nodes:0
[41332869ms] [ERROR] Failed to load resource: net::ERR_CONNECTION_REFUSED @ http://localhost:41670/api/health:0
[41335879ms] [ERROR] Failed to load resource: net::ERR_CONNECTION_REFUSED @ http://localhost:41670/api/nodes:0
[41337872ms] [ERROR] Failed to load resource: net::ERR_CONNECTION_REFUSED @ http://localhost:41670/api/health:0
[41340880ms] [ERROR] Failed to load resource: net::ERR_CONNECTION_REFUSED @ http://localhost:41670/api/nodes:0
[41342874ms] [ERROR] Failed to load resource: net::ERR_CONNECTION_REFUSED @ http://localhost:41670/api/health:0
[41345879ms] [ERROR] Failed to load resource: net::ERR_CONNECTION_REFUSED @ http://localhost:41670/api/nodes:0
[41347876ms] [ERROR] Failed to load resource: net::ERR_CONNECTION_REFUSED @ http://localhost:41670/api/health:0
[41350879ms] [ERROR] Failed to load resource: net::ERR_CONNECTION_REFUSED @ http://localhost:41670/api/nodes:0
[41352879ms] [ERROR] Failed to load resource: net::ERR_CONNECTION_REFUSED @ http://localhost:41670/api/health:0
[41355879ms] [ERROR] Failed to load resource: net::ERR_CONNECTION_REFUSED @ http://localhost:41670/api/nodes:0
[41357881ms] [ERROR] Failed to load resource: net::ERR_CONNECTION_REFUSED @ http://localhost:41670/api/health:0
[41360180ms] [ERROR] Failed to load resource: net::ERR_CONNECTION_REFUSED @ http://localhost:41670/api/activity?limit=50:0
[41360879ms] [ERROR] Failed to load resource: net::ERR_CONNECTION_REFUSED @ http://localhost:41670/api/nodes:0
[41362883ms] [ERROR] Failed to load resource: net::ERR_CONNECTION_REFUSED @ http://localhost:41670/api/health:0
[41365879ms] [ERROR] Failed to load resource: net::ERR_CONNECTION_REFUSED @ http://localhost:41670/api/nodes:0
[41367886ms] [ERROR] Failed to load resource: net::ERR_CONNECTION_REFUSED @ http://localhost:41670/api/health:0
[41370879ms] [ERROR] Failed to load resource: net::ERR_CONNECTION_REFUSED @ http://localhost:41670/api/nodes:0
[41372889ms] [ERROR] Failed to load resource: net::ERR_CONNECTION_REFUSED @ http://localhost:41670/api/health:0
[41375878ms] [ERROR] Failed to load resource: net::ERR_CONNECTION_REFUSED @ http://localhost:41670/api/nodes:0
[41377892ms] [ERROR] Failed to load resource: net::ERR_CONNECTION_REFUSED @ http://localhost:41670/api/health:0
[41380879ms] [ERROR] Failed to load resource: net::ERR_CONNECTION_REFUSED @ http://localhost:41670/api/nodes:0
[41382896ms] [ERROR] Failed to load resource: net::ERR_CONNECTION_REFUSED @ http://localhost:41670/api/health:0
[41385878ms] [ERROR] Failed to load resource: net::ERR_CONNECTION_REFUSED @ http://localhost:41670/api/nodes:0
[41387899ms] [ERROR] Failed to load resource: net::ERR_CONNECTION_REFUSED @ http://localhost:41670/api/health:0
[41390180ms] [ERROR] Failed to load resource: net::ERR_CONNECTION_REFUSED @ http://localhost:41670/api/activity?limit=50:0
[41390879ms] [ERROR] Failed to load resource: net::ERR_CONNECTION_REFUSED @ http://localhost:41670/api/nodes:0
[41392901ms] [ERROR] Failed to load resource: net::ERR_CONNECTION_REFUSED @ http://localhost:41670/api/health:0
[41395879ms] [ERROR] Failed to load resource: net::ERR_CONNECTION_REFUSED @ http://localhost:41670/api/nodes:0
[41397904ms] [ERROR] Failed to load resource: net::ERR_CONNECTION_REFUSED @ http://localhost:41670/api/health:0
[41400879ms] [ERROR] Failed to load resource: net::ERR_CONNECTION_REFUSED @ http://localhost:41670/api/nodes:0
[41402907ms] [ERROR] Failed to load resource: net::ERR_CONNECTION_REFUSED @ http://localhost:41670/api/health:0
[41405883ms] [ERROR] Failed to load resource: net::ERR_CONNECTION_REFUSED @ http://localhost:41670/api/nodes:0
[41407909ms] [ERROR] Failed to load resource: net::ERR_CONNECTION_REFUSED @ http://localhost:41670/api/health:0
[41410878ms] [ERROR] Failed to load resource: net::ERR_CONNECTION_REFUSED @ http://localhost:41670/api/nodes:0
[41412911ms] [ERROR] Failed to load resource: net::ERR_CONNECTION_REFUSED @ http://localhost:41670/api/health:0
[41415879ms] [ERROR] Failed to load resource: net::ERR_CONNECTION_REFUSED @ http://localhost:41670/api/nodes:0
[41417915ms] [ERROR] Failed to load resource: net::ERR_CONNECTION_REFUSED @ http://localhost:41670/api/health:0
[41420181ms] [ERROR] Failed to load resource: net::ERR_CONNECTION_REFUSED @ http://localhost:41670/api/activity?limit=50:0
[41420879ms] [ERROR] Failed to load resource: net::ERR_CONNECTION_REFUSED @ http://localhost:41670/api/nodes:0
[41422917ms] [ERROR] Failed to load resource: net::ERR_CONNECTION_REFUSED @ http://localhost:41670/api/health:0
[41425880ms] [ERROR] Failed to load resource: net::ERR_CONNECTION_REFUSED @ http://localhost:41670/api/nodes:0
[41427920ms] [ERROR] Failed to load resource: net::ERR_CONNECTION_REFUSED @ http://localhost:41670/api/health:0
[41430880ms] [ERROR] Failed to load resource: net::ERR_CONNECTION_REFUSED @ http://localhost:41670/api/nodes:0
[41432923ms] [ERROR] Failed to load resource: net::ERR_CONNECTION_REFUSED @ http://localhost:41670/api/health:0
[41435879ms] [ERROR] Failed to load resource: net::ERR_CONNECTION_REFUSED @ http://localhost:41670/api/nodes:0
[41437926ms] [ERROR] Failed to load resource: net::ERR_CONNECTION_REFUSED @ http://localhost:41670/api/health:0
[41440879ms] [ERROR] Failed to load resource: net::ERR_CONNECTION_REFUSED @ http://localhost:41670/api/nodes:0
[41442928ms] [ERROR] Failed to load resource: net::ERR_CONNECTION_REFUSED @ http://localhost:41670/api/health:0
[41445879ms] [ERROR] Failed to load resource: net::ERR_CONNECTION_REFUSED @ http://localhost:41670/api/nodes:0
[41447931ms] [ERROR] Failed to load resource: net::ERR_CONNECTION_REFUSED @ http://localhost:41670/api/health:0
[41450180ms] [ERROR] Failed to load resource: net::ERR_CONNECTION_REFUSED @ http://localhost:41670/api/activity?limit=50:0
[41450879ms] [ERROR] Failed to load resource: net::ERR_CONNECTION_REFUSED @ http://localhost:41670/api/nodes:0
[41452935ms] [ERROR] Failed to load resource: net::ERR_CONNECTION_REFUSED @ http://localhost:41670/api/health:0
[41455879ms] [ERROR] Failed to load resource: net::ERR_CONNECTION_REFUSED @ http://localhost:41670/api/nodes:0
[41457937ms] [ERROR] Failed to load resource: net::ERR_CONNECTION_REFUSED @ http://localhost:41670/api/health:0
[41460879ms] [ERROR] Failed to load resource: net::ERR_CONNECTION_REFUSED @ http://localhost:41670/api/nodes:0
[41462939ms] [ERROR] Failed to load resource: net::ERR_CONNECTION_REFUSED @ http://localhost:41670/api/health:0
[41465878ms] [ERROR] Failed to load resource: net::ERR_CONNECTION_REFUSED @ http://localhost:41670/api/nodes:0
[41467942ms] [ERROR] Failed to load resource: net::ERR_CONNECTION_REFUSED @ http://localhost:41670/api/health:0
[41470879ms] [ERROR] Failed to load resource: net::ERR_CONNECTION_REFUSED @ http://localhost:41670/api/nodes:0
[41472944ms] [ERROR] Failed to load resource: net::ERR_CONNECTION_REFUSED @ http://localhost:41670/api/health:0
[41475879ms] [ERROR] Failed to load resource: net::ERR_CONNECTION_REFUSED @ http://localhost:41670/api/nodes:0
[41477947ms] [ERROR] Failed to load resource: net::ERR_CONNECTION_REFUSED @ http://localhost:41670/api/health:0
[41480180ms] [ERROR] Failed to load resource: net::ERR_CONNECTION_REFUSED @ http://localhost:41670/api/activity?limit=50:0
[41480879ms] [ERROR] Failed to load resource: net::ERR_CONNECTION_REFUSED @ http://localhost:41670/api/nodes:0
[41482950ms] [ERROR] Failed to load resource: net::ERR_CONNECTION_REFUSED @ http://localhost:41670/api/health:0
[41485879ms] [ERROR] Failed to load resource: net::ERR_CONNECTION_REFUSED @ http://localhost:41670/api/nodes:0
[41487953ms] [ERROR] Failed to load resource: net::ERR_CONNECTION_REFUSED @ http://localhost:41670/api/health:0
[41490879ms] [ERROR] Failed to load resource: net::ERR_CONNECTION_REFUSED @ http://localhost:41670/api/nodes:0
[41492956ms] [ERROR] Failed to load resource: net::ERR_CONNECTION_REFUSED @ http://localhost:41670/api/health:0
[41495879ms] [ERROR] Failed to load resource: net::ERR_CONNECTION_REFUSED @ http://localhost:41670/api/nodes:0
[41497959ms] [ERROR] Failed to load resource: net::ERR_CONNECTION_REFUSED @ http://localhost:41670/api/health:0
[41500878ms] [ERROR] Failed to load resource: net::ERR_CONNECTION_REFUSED @ http://localhost:41670/api/nodes:0
[41502962ms] [ERROR] Failed to load resource: net::ERR_CONNECTION_REFUSED @ http://localhost:41670/api/health:0
[41505878ms] [ERROR] Failed to load resource: net::ERR_CONNECTION_REFUSED @ http://localhost:41670/api/nodes:0
[41507965ms] [ERROR] Failed to load resource: net::ERR_CONNECTION_REFUSED @ http://localhost:41670/api/health:0
[41510180ms] [ERROR] Failed to load resource: net::ERR_CONNECTION_REFUSED @ http://localhost:41670/api/activity?limit=50:0
[41510878ms] [ERROR] Failed to load resource: net::ERR_CONNECTION_REFUSED @ http://localhost:41670/api/nodes:0
[41512967ms] [ERROR] Failed to load resource: net::ERR_CONNECTION_REFUSED @ http://localhost:41670/api/health:0
[41515878ms] [ERROR] Failed to load resource: net::ERR_CONNECTION_REFUSED @ http://localhost:41670/api/nodes:0
[41517971ms] [ERROR] Failed to load resource: net::ERR_CONNECTION_REFUSED @ http://localhost:41670/api/health:0
[41520878ms] [ERROR] Failed to load resource: net::ERR_CONNECTION_REFUSED @ http://localhost:41670/api/nodes:0
[41522975ms] [ERROR] Failed to load resource: net::ERR_CONNECTION_REFUSED @ http://localhost:41670/api/health:0
[41525879ms] [ERROR] Failed to load resource: net::ERR_CONNECTION_REFUSED @ http://localhost:41670/api/nodes:0
[41527977ms] [ERROR] Failed to load resource: net::ERR_CONNECTION_REFUSED @ http://localhost:41670/api/health:0
[41530879ms] [ERROR] Failed to load resource: net::ERR_CONNECTION_REFUSED @ http://localhost:41670/api/nodes:0
[41532982ms] [ERROR] Failed to load resource: net::ERR_CONNECTION_REFUSED @ http://localhost:41670/api/health:0
[41535879ms] [ERROR] Failed to load resource: net::ERR_CONNECTION_REFUSED @ http://localhost:41670/api/nodes:0
[41537985ms] [ERROR] Failed to load resource: net::ERR_CONNECTION_REFUSED @ http://localhost:41670/api/health:0
[41540180ms] [ERROR] Failed to load resource: net::ERR_CONNECTION_REFUSED @ http://localhost:41670/api/activity?limit=50:0
[41540878ms] [ERROR] Failed to load resource: net::ERR_CONNECTION_REFUSED @ http://localhost:41670/api/nodes:0
[41542988ms] [ERROR] Failed to load resource: net::ERR_CONNECTION_REFUSED @ http://localhost:41670/api/health:0
[41545879ms] [ERROR] Failed to load resource: net::ERR_CONNECTION_REFUSED @ http://localhost:41670/api/nodes:0
[41547992ms] [ERROR] Failed to load resource: net::ERR_CONNECTION_REFUSED @ http://localhost:41670/api/health:0
[41550879ms] [ERROR] Failed to load resource: net::ERR_CONNECTION_REFUSED @ http://localhost:41670/api/nodes:0
[41552994ms] [ERROR] Failed to load resource: net::ERR_CONNECTION_REFUSED @ http://localhost:41670/api/health:0
[41555878ms] [ERROR] Failed to load resource: net::ERR_CONNECTION_REFUSED @ http://localhost:41670/api/nodes:0
[41557998ms] [ERROR] Failed to load resource: net::ERR_CONNECTION_REFUSED @ http://localhost:41670/api/health:0
[41560878ms] [ERROR] Failed to load resource: net::ERR_CONNECTION_REFUSED @ http://localhost:41670/api/nodes:0
[41563000ms] [ERROR] Failed to load resource: net::ERR_CONNECTION_REFUSED @ http://localhost:41670/api/health:0
[41565879ms] [ERROR] Failed to load resource: net::ERR_CONNECTION_REFUSED @ http://localhost:41670/api/nodes:0
[41568003ms] [ERROR] Failed to load resource: net::ERR_CONNECTION_REFUSED @ http://localhost:41670/api/health:0
[41570182ms] [ERROR] Failed to load resource: net::ERR_CONNECTION_REFUSED @ http://localhost:41670/api/activity?limit=50:0
[41570878ms] [ERROR] Failed to load resource: net::ERR_CONNECTION_REFUSED @ http://localhost:41670/api/nodes:0
[41573006ms] [ERROR] Failed to load resource: net::ERR_CONNECTION_REFUSED @ http://localhost:41670/api/health:0
[41575878ms] [ERROR] Failed to load resource: net::ERR_CONNECTION_REFUSED @ http://localhost:41670/api/nodes:0
[41578009ms] [ERROR] Failed to load resource: net::ERR_CONNECTION_REFUSED @ http://localhost:41670/api/health:0
[41580878ms] [ERROR] Failed to load resource: net::ERR_CONNECTION_REFUSED @ http://localhost:41670/api/nodes:0
[41583010ms] [ERROR] Failed to load resource: net::ERR_CONNECTION_REFUSED @ http://localhost:41670/api/health:0
[41585878ms] [ERROR] Failed to load resource: net::ERR_CONNECTION_REFUSED @ http://localhost:41670/api/nodes:0
[41588013ms] [ERROR] Failed to load resource: net::ERR_CONNECTION_REFUSED @ http://localhost:41670/api/health:0
[41590878ms] [ERROR] Failed to load resource: net::ERR_CONNECTION_REFUSED @ http://localhost:41670/api/nodes:0
[41593018ms] [ERROR] Failed to load resource: net::ERR_CONNECTION_REFUSED @ http://localhost:41670/api/health:0
[41595878ms] [ERROR] Failed to load resource: net::ERR_CONNECTION_REFUSED @ http://localhost:41670/api/nodes:0
[41598020ms] [ERROR] Failed to load resource: net::ERR_CONNECTION_REFUSED @ http://localhost:41670/api/health:0
[41600182ms] [ERROR] Failed to load resource: net::ERR_CONNECTION_REFUSED @ http://localhost:41670/api/activity?limit=50:0
[41600878ms] [ERROR] Failed to load resource: net::ERR_CONNECTION_REFUSED @ http://localhost:41670/api/nodes:0
[41603023ms] [ERROR] Failed to load resource: net::ERR_CONNECTION_REFUSED @ http://localhost:41670/api/health:0
[41605878ms] [ERROR] Failed to load resource: net::ERR_CONNECTION_REFUSED @ http://localhost:41670/api/nodes:0
[41608026ms] [ERROR] Failed to load resource: net::ERR_CONNECTION_REFUSED @ http://localhost:41670/api/health:0
[41610879ms] [ERROR] Failed to load resource: net::ERR_CONNECTION_REFUSED @ http://localhost:41670/api/nodes:0
[41613029ms] [ERROR] Failed to load resource: net::ERR_CONNECTION_REFUSED @ http://localhost:41670/api/health:0
[41615878ms] [ERROR] Failed to load resource: net::ERR_CONNECTION_REFUSED @ http://localhost:41670/api/nodes:0
[41618033ms] [ERROR] Failed to load resource: net::ERR_CONNECTION_REFUSED @ http://localhost:41670/api/health:0
[41620878ms] [ERROR] Failed to load resource: net::ERR_CONNECTION_REFUSED @ http://localhost:41670/api/nodes:0
[41623035ms] [ERROR] Failed to load resource: net::ERR_CONNECTION_REFUSED @ http://localhost:41670/api/health:0
[41625878ms] [ERROR] Failed to load resource: net::ERR_CONNECTION_REFUSED @ http://localhost:41670/api/nodes:0
[41628038ms] [ERROR] Failed to load resource: net::ERR_CONNECTION_REFUSED @ http://localhost:41670/api/health:0
[41630180ms] [ERROR] Failed to load resource: net::ERR_CONNECTION_REFUSED @ http://localhost:41670/api/activity?limit=50:0
[41630878ms] [ERROR] Failed to load resource: net::ERR_CONNECTION_REFUSED @ http://localhost:41670/api/nodes:0
[41633042ms] [ERROR] Failed to load resource: net::ERR_CONNECTION_REFUSED @ http://localhost:41670/api/health:0
[41635878ms] [ERROR] Failed to load resource: net::ERR_CONNECTION_REFUSED @ http://localhost:41670/api/nodes:0
[41638044ms] [ERROR] Failed to load resource: net::ERR_CONNECTION_REFUSED @ http://localhost:41670/api/health:0
[41640878ms] [ERROR] Failed to load resource: net::ERR_CONNECTION_REFUSED @ http://localhost:41670/api/nodes:0
[41643047ms] [ERROR] Failed to load resource: net::ERR_CONNECTION_REFUSED @ http://localhost:41670/api/health:0
[41645879ms] [ERROR] Failed to load resource: net::ERR_CONNECTION_REFUSED @ http://localhost:41670/api/nodes:0
[41648050ms] [ERROR] Failed to load resource: net::ERR_CONNECTION_REFUSED @ http://localhost:41670/api/health:0
[41650879ms] [ERROR] Failed to load resource: net::ERR_CONNECTION_REFUSED @ http://localhost:41670/api/nodes:0
[41653052ms] [ERROR] Failed to load resource: net::ERR_CONNECTION_REFUSED @ http://localhost:41670/api/health:0
[41655879ms] [ERROR] Failed to load resource: net::ERR_CONNECTION_REFUSED @ http://localhost:41670/api/nodes:0
[41658056ms] [ERROR] Failed to load resource: net::ERR_CONNECTION_REFUSED @ http://localhost:41670/api/health:0
[41660180ms] [ERROR] Failed to load resource: net::ERR_CONNECTION_REFUSED @ http://localhost:41670/api/activity?limit=50:0
[41660878ms] [ERROR] Failed to load resource: net::ERR_CONNECTION_REFUSED @ http://localhost:41670/api/nodes:0
[41663059ms] [ERROR] Failed to load resource: net::ERR_CONNECTION_REFUSED @ http://localhost:41670/api/health:0
[41665878ms] [ERROR] Failed to load resource: net::ERR_CONNECTION_REFUSED @ http://localhost:41670/api/nodes:0
[41668062ms] [ERROR] Failed to load resource: net::ERR_CONNECTION_REFUSED @ http://localhost:41670/api/health:0
[41670879ms] [ERROR] Failed to load resource: net::ERR_CONNECTION_REFUSED @ http://localhost:41670/api/nodes:0
[41673066ms] [ERROR] Failed to load resource: net::ERR_CONNECTION_REFUSED @ http://localhost:41670/api/health:0
[41675878ms] [ERROR] Failed to load resource: net::ERR_CONNECTION_REFUSED @ http://localhost:41670/api/nodes:0
[41678068ms] [ERROR] Failed to load resource: net::ERR_CONNECTION_REFUSED @ http://localhost:41670/api/health:0
[41680879ms] [ERROR] Failed to load resource: net::ERR_CONNECTION_REFUSED @ http://localhost:41670/api/nodes:0
[41683071ms] [ERROR] Failed to load resource: net::ERR_CONNECTION_REFUSED @ http://localhost:41670/api/health:0
[41685878ms] [ERROR] Failed to load resource: net::ERR_CONNECTION_REFUSED @ http://localhost:41670/api/nodes:0
[41688075ms] [ERROR] Failed to load resource: net::ERR_CONNECTION_REFUSED @ http://localhost:41670/api/health:0
[41690181ms] [ERROR] Failed to load resource: net::ERR_CONNECTION_REFUSED @ http://localhost:41670/api/activity?limit=50:0
[41690878ms] [ERROR] Failed to load resource: net::ERR_CONNECTION_REFUSED @ http://localhost:41670/api/nodes:0
[41693077ms] [ERROR] Failed to load resource: net::ERR_CONNECTION_REFUSED @ http://localhost:41670/api/health:0
[41695879ms] [ERROR] Failed to load resource: net::ERR_CONNECTION_REFUSED @ http://localhost:41670/api/nodes:0
[41698080ms] [ERROR] Failed to load resource: net::ERR_CONNECTION_REFUSED @ http://localhost:41670/api/health:0
[41700879ms] [ERROR] Failed to load resource: net::ERR_CONNECTION_REFUSED @ http://localhost:41670/api/nodes:0
[41703082ms] [ERROR] Failed to load resource: net::ERR_CONNECTION_REFUSED @ http://localhost:41670/api/health:0
[41705878ms] [ERROR] Failed to load resource: net::ERR_CONNECTION_REFUSED @ http://localhost:41670/api/nodes:0
[41708084ms] [ERROR] Failed to load resource: net::ERR_CONNECTION_REFUSED @ http://localhost:41670/api/health:0
[41710879ms] [ERROR] Failed to load resource: net::ERR_CONNECTION_REFUSED @ http://localhost:41670/api/nodes:0
[41713086ms] [ERROR] Failed to load resource: net::ERR_CONNECTION_REFUSED @ http://localhost:41670/api/health:0
[41715879ms] [ERROR] Failed to load resource: net::ERR_CONNECTION_REFUSED @ http://localhost:41670/api/nodes:0
[41718088ms] [ERROR] Failed to load resource: net::ERR_CONNECTION_REFUSED @ http://localhost:41670/api/health:0
[41720180ms] [ERROR] Failed to load resource: net::ERR_CONNECTION_REFUSED @ http://localhost:41670/api/activity?limit=50:0
[41720878ms] [ERROR] Failed to load resource: net::ERR_CONNECTION_REFUSED @ http://localhost:41670/api/nodes:0
[41723090ms] [ERROR] Failed to load resource: net::ERR_CONNECTION_REFUSED @ http://localhost:41670/api/health:0
[41725878ms] [ERROR] Failed to load resource: net::ERR_CONNECTION_REFUSED @ http://localhost:41670/api/nodes:0
[41728093ms] [ERROR] Failed to load resource: net::ERR_CONNECTION_REFUSED @ http://localhost:41670/api/health:0
[41730878ms] [ERROR] Failed to load resource: net::ERR_CONNECTION_REFUSED @ http://localhost:41670/api/nodes:0
[41733096ms] [ERROR] Failed to load resource: net::ERR_CONNECTION_REFUSED @ http://localhost:41670/api/health:0
[41735878ms] [ERROR] Failed to load resource: net::ERR_CONNECTION_REFUSED @ http://localhost:41670/api/nodes:0
[41738099ms] [ERROR] Failed to load resource: net::ERR_CONNECTION_REFUSED @ http://localhost:41670/api/health:0
[41740878ms] [ERROR] Failed to load resource: net::ERR_CONNECTION_REFUSED @ http://localhost:41670/api/nodes:0
[41743102ms] [ERROR] Failed to load resource: net::ERR_CONNECTION_REFUSED @ http://localhost:41670/api/health:0
[41745879ms] [ERROR] Failed to load resource: net::ERR_CONNECTION_REFUSED @ http://localhost:41670/api/nodes:0
[41748104ms] [ERROR] Failed to load resource: net::ERR_CONNECTION_REFUSED @ http://localhost:41670/api/health:0
[41750180ms] [ERROR] Failed to load resource: net::ERR_CONNECTION_REFUSED @ http://localhost:41670/api/activity?limit=50:0
[41750878ms] [ERROR] Failed to load resource: net::ERR_CONNECTION_REFUSED @ http://localhost:41670/api/nodes:0
[41753108ms] [ERROR] Failed to load resource: net::ERR_CONNECTION_REFUSED @ http://localhost:41670/api/health:0
[41755878ms] [ERROR] Failed to load resource: net::ERR_CONNECTION_REFUSED @ http://localhost:41670/api/nodes:0
[41758111ms] [ERROR] Failed to load resource: net::ERR_CONNECTION_REFUSED @ http://localhost:41670/api/health:0
[41760877ms] [ERROR] Failed to load resource: net::ERR_CONNECTION_REFUSED @ http://localhost:41670/api/nodes:0
[41763115ms] [ERROR] Failed to load resource: net::ERR_CONNECTION_REFUSED @ http://localhost:41670/api/health:0
[41765878ms] [ERROR] Failed to load resource: net::ERR_CONNECTION_REFUSED @ http://localhost:41670/api/nodes:0
[41768117ms] [ERROR] Failed to load resource: net::ERR_CONNECTION_REFUSED @ http://localhost:41670/api/health:0
[41770878ms] [ERROR] Failed to load resource: net::ERR_CONNECTION_REFUSED @ http://localhost:41670/api/nodes:0
[41773119ms] [ERROR] Failed to load resource: net::ERR_CONNECTION_REFUSED @ http://localhost:41670/api/health:0
[41775878ms] [ERROR] Failed to load resource: net::ERR_CONNECTION_REFUSED @ http://localhost:41670/api/nodes:0
[41778122ms] [ERROR] Failed to load resource: net::ERR_CONNECTION_REFUSED @ http://localhost:41670/api/health:0
[41780179ms] [ERROR] Failed to load resource: net::ERR_CONNECTION_REFUSED @ http://localhost:41670/api/activity?limit=50:0
[41780878ms] [ERROR] Failed to load resource: net::ERR_CONNECTION_REFUSED @ http://localhost:41670/api/nodes:0
[41783123ms] [ERROR] Failed to load resource: net::ERR_CONNECTION_REFUSED @ http://localhost:41670/api/health:0
[41785879ms] [ERROR] Failed to load resource: net::ERR_CONNECTION_REFUSED @ http://localhost:41670/api/nodes:0
[41788125ms] [ERROR] Failed to load resource: net::ERR_CONNECTION_REFUSED @ http://localhost:41670/api/health:0
[41790878ms] [ERROR] Failed to load resource: net::ERR_CONNECTION_REFUSED @ http://localhost:41670/api/nodes:0
[41793127ms] [ERROR] Failed to load resource: net::ERR_CONNECTION_REFUSED @ http://localhost:41670/api/health:0
[41795878ms] [ERROR] Failed to load resource: net::ERR_CONNECTION_REFUSED @ http://localhost:41670/api/nodes:0
[41798129ms] [ERROR] Failed to load resource: net::ERR_CONNECTION_REFUSED @ http://localhost:41670/api/health:0
[41800878ms] [ERROR] Failed to load resource: net::ERR_CONNECTION_REFUSED @ http://localhost:41670/api/nodes:0
[41803132ms] [ERROR] Failed to load resource: net::ERR_CONNECTION_REFUSED @ http://localhost:41670/api/health:0
[41805878ms] [ERROR] Failed to load resource: net::ERR_CONNECTION_REFUSED @ http://localhost:41670/api/nodes:0
[41808134ms] [ERROR] Failed to load resource: net::ERR_CONNECTION_REFUSED @ http://localhost:41670/api/health:0
[41810180ms] [ERROR] Failed to load resource: net::ERR_CONNECTION_REFUSED @ http://localhost:41670/api/activity?limit=50:0
[41810878ms] [ERROR] Failed to load resource: net::ERR_CONNECTION_REFUSED @ http://localhost:41670/api/nodes:0
[41813136ms] [ERROR] Failed to load resource: net::ERR_CONNECTION_REFUSED @ http://localhost:41670/api/health:0
[41815878ms] [ERROR] Failed to load resource: net::ERR_CONNECTION_REFUSED @ http://localhost:41670/api/nodes:0
[41818139ms] [ERROR] Failed to load resource: net::ERR_CONNECTION_REFUSED @ http://localhost:41670/api/health:0
[41820878ms] [ERROR] Failed to load resource: net::ERR_CONNECTION_REFUSED @ http://localhost:41670/api/nodes:0
[41823141ms] [ERROR] Failed to load resource: net::ERR_CONNECTION_REFUSED @ http://localhost:41670/api/health:0
[41825877ms] [ERROR] Failed to load resource: net::ERR_CONNECTION_REFUSED @ http://localhost:41670/api/nodes:0
[41828143ms] [ERROR] Failed to load resource: net::ERR_CONNECTION_REFUSED @ http://localhost:41670/api/health:0
[41830878ms] [ERROR] Failed to load resource: net::ERR_CONNECTION_REFUSED @ http://localhost:41670/api/nodes:0
[41833146ms] [ERROR] Failed to load resource: net::ERR_CONNECTION_REFUSED @ http://localhost:41670/api/health:0
[41835879ms] [ERROR] Failed to load resource: net::ERR_CONNECTION_REFUSED @ http://localhost:41670/api/nodes:0
[41838148ms] [ERROR] Failed to load resource: net::ERR_CONNECTION_REFUSED @ http://localhost:41670/api/health:0
[41840179ms] [ERROR] Failed to load resource: net::ERR_CONNECTION_REFUSED @ http://localhost:41670/api/activity?limit=50:0
[41840877ms] [ERROR] Failed to load resource: net::ERR_CONNECTION_REFUSED @ http://localhost:41670/api/nodes:0
[41843149ms] [ERROR] Failed to load resource: net::ERR_CONNECTION_REFUSED @ http://localhost:41670/api/health:0
[41845877ms] [ERROR] Failed to load resource: net::ERR_CONNECTION_REFUSED @ http://localhost:41670/api/nodes:0
[41848151ms] [ERROR] Failed to load resource: net::ERR_CONNECTION_REFUSED @ http://localhost:41670/api/health:0
[41850878ms] [ERROR] Failed to load resource: net::ERR_CONNECTION_REFUSED @ http://localhost:41670/api/nodes:0
[41853154ms] [ERROR] Failed to load resource: net::ERR_CONNECTION_REFUSED @ http://localhost:41670/api/health:0
[41855878ms] [ERROR] Failed to load resource: net::ERR_CONNECTION_REFUSED @ http://localhost:41670/api/nodes:0
[41858157ms] [ERROR] Failed to load resource: net::ERR_CONNECTION_REFUSED @ http://localhost:41670/api/health:0
[41860878ms] [ERROR] Failed to load resource: net::ERR_CONNECTION_REFUSED @ http://localhost:41670/api/nodes:0
[41863159ms] [ERROR] Failed to load resource: net::ERR_CONNECTION_REFUSED @ http://localhost:41670/api/health:0
[41865878ms] [ERROR] Failed to load resource: net::ERR_CONNECTION_REFUSED @ http://localhost:41670/api/nodes:0
[41868162ms] [ERROR] Failed to load resource: net::ERR_CONNECTION_REFUSED @ http://localhost:41670/api/health:0
[41870179ms] [ERROR] Failed to load resource: net::ERR_CONNECTION_REFUSED @ http://localhost:41670/api/activity?limit=50:0
[41870878ms] [ERROR] Failed to load resource: net::ERR_CONNECTION_REFUSED @ http://localhost:41670/api/nodes:0
[41873165ms] [ERROR] Failed to load resource: net::ERR_CONNECTION_REFUSED @ http://localhost:41670/api/health:0
[41875878ms] [ERROR] Failed to load resource: net::ERR_CONNECTION_REFUSED @ http://localhost:41670/api/nodes:0
[41878167ms] [ERROR] Failed to load resource: net::ERR_CONNECTION_REFUSED @ http://localhost:41670/api/health:0
[41880878ms] [ERROR] Failed to load resource: net::ERR_CONNECTION_REFUSED @ http://localhost:41670/api/nodes:0
[41883170ms] [ERROR] Failed to load resource: net::ERR_CONNECTION_REFUSED @ http://localhost:41670/api/health:0
[41885879ms] [ERROR] Failed to load resource: net::ERR_CONNECTION_REFUSED @ http://localhost:41670/api/nodes:0
[41888174ms] [ERROR] Failed to load resource: net::ERR_CONNECTION_REFUSED @ http://localhost:41670/api/health:0
[41890878ms] [ERROR] Failed to load resource: net::ERR_CONNECTION_REFUSED @ http://localhost:41670/api/nodes:0
[41893176ms] [ERROR] Failed to load resource: net::ERR_CONNECTION_REFUSED @ http://localhost:41670/api/health:0
[41895878ms] [ERROR] Failed to load resource: net::ERR_CONNECTION_REFUSED @ http://localhost:41670/api/nodes:0
[41898179ms] [ERROR] Failed to load resource: net::ERR_CONNECTION_REFUSED @ http://localhost:41670/api/health:0
[41900180ms] [ERROR] Failed to load resource: net::ERR_CONNECTION_REFUSED @ http://localhost:41670/api/activity?limit=50:0
[41900878ms] [ERROR] Failed to load resource: net::ERR_CONNECTION_REFUSED @ http://localhost:41670/api/nodes:0
[41903181ms] [ERROR] Failed to load resource: net::ERR_CONNECTION_REFUSED @ http://localhost:41670/api/health:0
[41905878ms] [ERROR] Failed to load resource: net::ERR_CONNECTION_REFUSED @ http://localhost:41670/api/nodes:0
[41908184ms] [ERROR] Failed to load resource: net::ERR_CONNECTION_REFUSED @ http://localhost:41670/api/health:0
[41910878ms] [ERROR] Failed to load resource: net::ERR_CONNECTION_REFUSED @ http://localhost:41670/api/nodes:0
[41913186ms] [ERROR] Failed to load resource: net::ERR_CONNECTION_REFUSED @ http://localhost:41670/api/health:0
[41915877ms] [ERROR] Failed to load resource: net::ERR_CONNECTION_REFUSED @ http://localhost:41670/api/nodes:0
[41918189ms] [ERROR] Failed to load resource: net::ERR_CONNECTION_REFUSED @ http://localhost:41670/api/health:0
[41920877ms] [ERROR] Failed to load resource: net::ERR_CONNECTION_REFUSED @ http://localhost:41670/api/nodes:0
[41923192ms] [ERROR] Failed to load resource: net::ERR_CONNECTION_REFUSED @ http://localhost:41670/api/health:0
[41925878ms] [ERROR] Failed to load resource: net::ERR_CONNECTION_REFUSED @ http://localhost:41670/api/nodes:0
[41928195ms] [ERROR] Failed to load resource: net::ERR_CONNECTION_REFUSED @ http://localhost:41670/api/health:0
[41930178ms] [ERROR] Failed to load resource: net::ERR_CONNECTION_REFUSED @ http://localhost:41670/api/activity?limit=50:0
[41930877ms] [ERROR] Failed to load resource: net::ERR_CONNECTION_REFUSED @ http://localhost:41670/api/nodes:0
[41933198ms] [ERROR] Failed to load resource: net::ERR_CONNECTION_REFUSED @ http://localhost:41670/api/health:0
[41935877ms] [ERROR] Failed to load resource: net::ERR_CONNECTION_REFUSED @ http://localhost:41670/api/nodes:0
[41938200ms] [ERROR] Failed to load resource: net::ERR_CONNECTION_REFUSED @ http://localhost:41670/api/health:0
[41940877ms] [ERROR] Failed to load resource: net::ERR_CONNECTION_REFUSED @ http://localhost:41670/api/nodes:0
[41943203ms] [ERROR] Failed to load resource: net::ERR_CONNECTION_REFUSED @ http://localhost:41670/api/health:0
[41945878ms] [ERROR] Failed to load resource: net::ERR_CONNECTION_REFUSED @ http://localhost:41670/api/nodes:0
[41948206ms] [ERROR] Failed to load resource: net::ERR_CONNECTION_REFUSED @ http://localhost:41670/api/health:0
[41950877ms] [ERROR] Failed to load resource: net::ERR_CONNECTION_REFUSED @ http://localhost:41670/api/nodes:0
[41953209ms] [ERROR] Failed to load resource: net::ERR_CONNECTION_REFUSED @ http://localhost:41670/api/health:0
[41955879ms] [ERROR] Failed to load resource: net::ERR_CONNECTION_REFUSED @ http://localhost:41670/api/nodes:0
[41958211ms] [ERROR] Failed to load resource: net::ERR_CONNECTION_REFUSED @ http://localhost:41670/api/health:0
[41960181ms] [ERROR] Failed to load resource: net::ERR_CONNECTION_REFUSED @ http://localhost:41670/api/activity?limit=50:0
[41960877ms] [ERROR] Failed to load resource: net::ERR_CONNECTION_REFUSED @ http://localhost:41670/api/nodes:0
[41963215ms] [ERROR] Failed to load resource: net::ERR_CONNECTION_REFUSED @ http://localhost:41670/api/health:0
[41965878ms] [ERROR] Failed to load resource: net::ERR_CONNECTION_REFUSED @ http://localhost:41670/api/nodes:0
[41968217ms] [ERROR] Failed to load resource: net::ERR_CONNECTION_REFUSED @ http://localhost:41670/api/health:0
[41970878ms] [ERROR] Failed to load resource: net::ERR_CONNECTION_REFUSED @ http://localhost:41670/api/nodes:0
[41973219ms] [ERROR] Failed to load resource: net::ERR_CONNECTION_REFUSED @ http://localhost:41670/api/health:0
[41975878ms] [ERROR] Failed to load resource: net::ERR_CONNECTION_REFUSED @ http://localhost:41670/api/nodes:0
[41978221ms] [ERROR] Failed to load resource: net::ERR_CONNECTION_REFUSED @ http://localhost:41670/api/health:0
[41980877ms] [ERROR] Failed to load resource: net::ERR_CONNECTION_REFUSED @ http://localhost:41670/api/nodes:0
[41983223ms] [ERROR] Failed to load resource: net::ERR_CONNECTION_REFUSED @ http://localhost:41670/api/health:0
[41985877ms] [ERROR] Failed to load resource: net::ERR_CONNECTION_REFUSED @ http://localhost:41670/api/nodes:0
[41988226ms] [ERROR] Failed to load resource: net::ERR_CONNECTION_REFUSED @ http://localhost:41670/api/health:0
[41990179ms] [ERROR] Failed to load resource: net::ERR_CONNECTION_REFUSED @ http://localhost:41670/api/activity?limit=50:0
[41990877ms] [ERROR] Failed to load resource: net::ERR_CONNECTION_REFUSED @ http://localhost:41670/api/nodes:0
[41993230ms] [ERROR] Failed to load resource: net::ERR_CONNECTION_REFUSED @ http://localhost:41670/api/health:0
[41995877ms] [ERROR] Failed to load resource: net::ERR_CONNECTION_REFUSED @ http://localhost:41670/api/nodes:0
[41998233ms] [ERROR] Failed to load resource: net::ERR_CONNECTION_REFUSED @ http://localhost:41670/api/health:0
[42000877ms] [ERROR] Failed to load resource: net::ERR_CONNECTION_REFUSED @ http://localhost:41670/api/nodes:0
[42003234ms] [ERROR] Failed to load resource: net::ERR_CONNECTION_REFUSED @ http://localhost:41670/api/health:0
[42005877ms] [ERROR] Failed to load resource: net::ERR_CONNECTION_REFUSED @ http://localhost:41670/api/nodes:0
[42008236ms] [ERROR] Failed to load resource: net::ERR_CONNECTION_REFUSED @ http://localhost:41670/api/health:0
[42010877ms] [ERROR] Failed to load resource: net::ERR_CONNECTION_REFUSED @ http://localhost:41670/api/nodes:0
[42013238ms] [ERROR] Failed to load resource: net::ERR_CONNECTION_REFUSED @ http://localhost:41670/api/health:0
[42015878ms] [ERROR] Failed to load resource: net::ERR_CONNECTION_REFUSED @ http://localhost:41670/api/nodes:0
[42018240ms] [ERROR] Failed to load resource: net::ERR_CONNECTION_REFUSED @ http://localhost:41670/api/health:0
[42020179ms] [ERROR] Failed to load resource: net::ERR_CONNECTION_REFUSED @ http://localhost:41670/api/activity?limit=50:0
[42020877ms] [ERROR] Failed to load resource: net::ERR_CONNECTION_REFUSED @ http://localhost:41670/api/nodes:0
[42023243ms] [ERROR] Failed to load resource: net::ERR_CONNECTION_REFUSED @ http://localhost:41670/api/health:0
[42025878ms] [ERROR] Failed to load resource: net::ERR_CONNECTION_REFUSED @ http://localhost:41670/api/nodes:0
[42028247ms] [ERROR] Failed to load resource: net::ERR_CONNECTION_REFUSED @ http://localhost:41670/api/health:0
[42030877ms] [ERROR] Failed to load resource: net::ERR_CONNECTION_REFUSED @ http://localhost:41670/api/nodes:0
[42033249ms] [ERROR] Failed to load resource: net::ERR_CONNECTION_REFUSED @ http://localhost:41670/api/health:0
[42035877ms] [ERROR] Failed to load resource: net::ERR_CONNECTION_REFUSED @ http://localhost:41670/api/nodes:0
[42038251ms] [ERROR] Failed to load resource: net::ERR_CONNECTION_REFUSED @ http://localhost:41670/api/health:0
[42040878ms] [ERROR] Failed to load resource: net::ERR_CONNECTION_REFUSED @ http://localhost:41670/api/nodes:0
[42043254ms] [ERROR] Failed to load resource: net::ERR_CONNECTION_REFUSED @ http://localhost:41670/api/health:0
[42045876ms] [ERROR] Failed to load resource: net::ERR_CONNECTION_REFUSED @ http://localhost:41670/api/nodes:0
[42048258ms] [ERROR] Failed to load resource: net::ERR_CONNECTION_REFUSED @ http://localhost:41670/api/health:0
[42050180ms] [ERROR] Failed to load resource: net::ERR_CONNECTION_REFUSED @ http://localhost:41670/api/activity?limit=50:0
[42050877ms] [ERROR] Failed to load resource: net::ERR_CONNECTION_REFUSED @ http://localhost:41670/api/nodes:0
[42053261ms] [ERROR] Failed to load resource: net::ERR_CONNECTION_REFUSED @ http://localhost:41670/api/health:0
[42055878ms] [ERROR] Failed to load resource: net::ERR_CONNECTION_REFUSED @ http://localhost:41670/api/nodes:0
[42058265ms] [ERROR] Failed to load resource: net::ERR_CONNECTION_REFUSED @ http://localhost:41670/api/health:0
[42060878ms] [ERROR] Failed to load resource: net::ERR_CONNECTION_REFUSED @ http://localhost:41670/api/nodes:0
[42063267ms] [ERROR] Failed to load resource: net::ERR_CONNECTION_REFUSED @ http://localhost:41670/api/health:0
[42065878ms] [ERROR] Failed to load resource: net::ERR_CONNECTION_REFUSED @ http://localhost:41670/api/nodes:0
[42068269ms] [ERROR] Failed to load resource: net::ERR_CONNECTION_REFUSED @ http://localhost:41670/api/health:0
[42070877ms] [ERROR] Failed to load resource: net::ERR_CONNECTION_REFUSED @ http://localhost:41670/api/nodes:0
[42073273ms] [ERROR] Failed to load resource: net::ERR_CONNECTION_REFUSED @ http://localhost:41670/api/health:0
[42075877ms] [ERROR] Failed to load resource: net::ERR_CONNECTION_REFUSED @ http://localhost:41670/api/nodes:0
[42078276ms] [ERROR] Failed to load resource: net::ERR_CONNECTION_REFUSED @ http://localhost:41670/api/health:0
[42080178ms] [ERROR] Failed to load resource: net::ERR_CONNECTION_REFUSED @ http://localhost:41670/api/activity?limit=50:0
[42080876ms] [ERROR] Failed to load resource: net::ERR_CONNECTION_REFUSED @ http://localhost:41670/api/nodes:0
[42083280ms] [ERROR] Failed to load resource: net::ERR_CONNECTION_REFUSED @ http://localhost:41670/api/health:0
[42085878ms] [ERROR] Failed to load resource: net::ERR_CONNECTION_REFUSED @ http://localhost:41670/api/nodes:0
[42088282ms] [ERROR] Failed to load resource: net::ERR_CONNECTION_REFUSED @ http://localhost:41670/api/health:0
[42090878ms] [ERROR] Failed to load resource: net::ERR_CONNECTION_REFUSED @ http://localhost:41670/api/nodes:0
[42093286ms] [ERROR] Failed to load resource: net::ERR_CONNECTION_REFUSED @ http://localhost:41670/api/health:0
[42095878ms] [ERROR] Failed to load resource: net::ERR_CONNECTION_REFUSED @ http://localhost:41670/api/nodes:0
[42098288ms] [ERROR] Failed to load resource: net::ERR_CONNECTION_REFUSED @ http://localhost:41670/api/health:0
[42100878ms] [ERROR] Failed to load resource: net::ERR_CONNECTION_REFUSED @ http://localhost:41670/api/nodes:0
[42103290ms] [ERROR] Failed to load resource: net::ERR_CONNECTION_REFUSED @ http://localhost:41670/api/health:0
[42105877ms] [ERROR] Failed to load resource: net::ERR_CONNECTION_REFUSED @ http://localhost:41670/api/nodes:0
[42108292ms] [ERROR] Failed to load resource: net::ERR_CONNECTION_REFUSED @ http://localhost:41670/api/health:0
[42110179ms] [ERROR] Failed to load resource: net::ERR_CONNECTION_REFUSED @ http://localhost:41670/api/activity?limit=50:0
[42110877ms] [ERROR] Failed to load resource: net::ERR_CONNECTION_REFUSED @ http://localhost:41670/api/nodes:0
[42113294ms] [ERROR] Failed to load resource: net::ERR_CONNECTION_REFUSED @ http://localhost:41670/api/health:0
[42115877ms] [ERROR] Failed to load resource: net::ERR_CONNECTION_REFUSED @ http://localhost:41670/api/nodes:0
[42118297ms] [ERROR] Failed to load resource: net::ERR_CONNECTION_REFUSED @ http://localhost:41670/api/health:0
[42120877ms] [ERROR] Failed to load resource: net::ERR_CONNECTION_REFUSED @ http://localhost:41670/api/nodes:0
[42123299ms] [ERROR] Failed to load resource: net::ERR_CONNECTION_REFUSED @ http://localhost:41670/api/health:0
[42125877ms] [ERROR] Failed to load resource: net::ERR_CONNECTION_REFUSED @ http://localhost:41670/api/nodes:0
[42128301ms] [ERROR] Failed to load resource: net::ERR_CONNECTION_REFUSED @ http://localhost:41670/api/health:0
[42130877ms] [ERROR] Failed to load resource: net::ERR_CONNECTION_REFUSED @ http://localhost:41670/api/nodes:0
[42133303ms] [ERROR] Failed to load resource: net::ERR_CONNECTION_REFUSED @ http://localhost:41670/api/health:0
[42135877ms] [ERROR] Failed to load resource: net::ERR_CONNECTION_REFUSED @ http://localhost:41670/api/nodes:0
[42138307ms] [ERROR] Failed to load resource: net::ERR_CONNECTION_REFUSED @ http://localhost:41670/api/health:0
[42140180ms] [ERROR] Failed to load resource: net::ERR_CONNECTION_REFUSED @ http://localhost:41670/api/activity?limit=50:0
[42140877ms] [ERROR] Failed to load resource: net::ERR_CONNECTION_REFUSED @ http://localhost:41670/api/nodes:0
[42143309ms] [ERROR] Failed to load resource: net::ERR_CONNECTION_REFUSED @ http://localhost:41670/api/health:0
[42145877ms] [ERROR] Failed to load resource: net::ERR_CONNECTION_REFUSED @ http://localhost:41670/api/nodes:0
[42148312ms] [ERROR] Failed to load resource: net::ERR_CONNECTION_REFUSED @ http://localhost:41670/api/health:0
[42150878ms] [ERROR] Failed to load resource: net::ERR_CONNECTION_REFUSED @ http://localhost:41670/api/nodes:0
[42153315ms] [ERROR] Failed to load resource: net::ERR_CONNECTION_REFUSED @ http://localhost:41670/api/health:0
[42155877ms] [ERROR] Failed to load resource: net::ERR_CONNECTION_REFUSED @ http://localhost:41670/api/nodes:0
[42158317ms] [ERROR] Failed to load resource: net::ERR_CONNECTION_REFUSED @ http://localhost:41670/api/health:0
[42160877ms] [ERROR] Failed to load resource: net::ERR_CONNECTION_REFUSED @ http://localhost:41670/api/nodes:0
[42163320ms] [ERROR] Failed to load resource: net::ERR_CONNECTION_REFUSED @ http://localhost:41670/api/health:0
[42165877ms] [ERROR] Failed to load resource: net::ERR_CONNECTION_REFUSED @ http://localhost:41670/api/nodes:0
[42168324ms] [ERROR] Failed to load resource: net::ERR_CONNECTION_REFUSED @ http://localhost:41670/api/health:0
[42170179ms] [ERROR] Failed to load resource: net::ERR_CONNECTION_REFUSED @ http://localhost:41670/api/activity?limit=50:0
[42170877ms] [ERROR] Failed to load resource: net::ERR_CONNECTION_REFUSED @ http://localhost:41670/api/nodes:0
[42173326ms] [ERROR] Failed to load resource: net::ERR_CONNECTION_REFUSED @ http://localhost:41670/api/health:0
[42175877ms] [ERROR] Failed to load resource: net::ERR_CONNECTION_REFUSED @ http://localhost:41670/api/nodes:0
[42178329ms] [ERROR] Failed to load resource: net::ERR_CONNECTION_REFUSED @ http://localhost:41670/api/health:0
[42180877ms] [ERROR] Failed to load resource: net::ERR_CONNECTION_REFUSED @ http://localhost:41670/api/nodes:0
[42183331ms] [ERROR] Failed to load resource: net::ERR_CONNECTION_REFUSED @ http://localhost:41670/api/health:0
[42185877ms] [ERROR] Failed to load resource: net::ERR_CONNECTION_REFUSED @ http://localhost:41670/api/nodes:0
[42188333ms] [ERROR] Failed to load resource: net::ERR_CONNECTION_REFUSED @ http://localhost:41670/api/health:0
[42190877ms] [ERROR] Failed to load resource: net::ERR_CONNECTION_REFUSED @ http://localhost:41670/api/nodes:0
[42193337ms] [ERROR] Failed to load resource: net::ERR_CONNECTION_REFUSED @ http://localhost:41670/api/health:0
[42195878ms] [ERROR] Failed to load resource: net::ERR_CONNECTION_REFUSED @ http://localhost:41670/api/nodes:0
[42198340ms] [ERROR] Failed to load resource: net::ERR_CONNECTION_REFUSED @ http://localhost:41670/api/health:0
[42200179ms] [ERROR] Failed to load resource: net::ERR_CONNECTION_REFUSED @ http://localhost:41670/api/activity?limit=50:0
[42200877ms] [ERROR] Failed to load resource: net::ERR_CONNECTION_REFUSED @ http://localhost:41670/api/nodes:0
[42203342ms] [ERROR] Failed to load resource: net::ERR_CONNECTION_REFUSED @ http://localhost:41670/api/health:0
[42205877ms] [ERROR] Failed to load resource: net::ERR_CONNECTION_REFUSED @ http://localhost:41670/api/nodes:0
[42208345ms] [ERROR] Failed to load resource: net::ERR_CONNECTION_REFUSED @ http://localhost:41670/api/health:0
[42210877ms] [ERROR] Failed to load resource: net::ERR_CONNECTION_REFUSED @ http://localhost:41670/api/nodes:0
[42213348ms] [ERROR] Failed to load resource: net::ERR_CONNECTION_REFUSED @ http://localhost:41670/api/health:0
[42215877ms] [ERROR] Failed to load resource: net::ERR_CONNECTION_REFUSED @ http://localhost:41670/api/nodes:0
[42218351ms] [ERROR] Failed to load resource: net::ERR_CONNECTION_REFUSED @ http://localhost:41670/api/health:0
[42220877ms] [ERROR] Failed to load resource: net::ERR_CONNECTION_REFUSED @ http://localhost:41670/api/nodes:0
[42223355ms] [ERROR] Failed to load resource: net::ERR_CONNECTION_REFUSED @ http://localhost:41670/api/health:0
[42225878ms] [ERROR] Failed to load resource: net::ERR_CONNECTION_REFUSED @ http://localhost:41670/api/nodes:0
[42228358ms] [ERROR] Failed to load resource: net::ERR_CONNECTION_REFUSED @ http://localhost:41670/api/health:0
[42230180ms] [ERROR] Failed to load resource: net::ERR_CONNECTION_REFUSED @ http://localhost:41670/api/activity?limit=50:0
[42230877ms] [ERROR] Failed to load resource: net::ERR_CONNECTION_REFUSED @ http://localhost:41670/api/nodes:0
[42233361ms] [ERROR] Failed to load resource: net::ERR_CONNECTION_REFUSED @ http://localhost:41670/api/health:0
[42235877ms] [ERROR] Failed to load resource: net::ERR_CONNECTION_REFUSED @ http://localhost:41670/api/nodes:0
[42238364ms] [ERROR] Failed to load resource: net::ERR_CONNECTION_REFUSED @ http://localhost:41670/api/health:0
[42240877ms] [ERROR] Failed to load resource: net::ERR_CONNECTION_REFUSED @ http://localhost:41670/api/nodes:0
[42243366ms] [ERROR] Failed to load resource: net::ERR_CONNECTION_REFUSED @ http://localhost:41670/api/health:0
[42245877ms] [ERROR] Failed to load resource: net::ERR_CONNECTION_REFUSED @ http://localhost:41670/api/nodes:0
[42248368ms] [ERROR] Failed to load resource: net::ERR_CONNECTION_REFUSED @ http://localhost:41670/api/health:0
[42250877ms] [ERROR] Failed to load resource: net::ERR_CONNECTION_REFUSED @ http://localhost:41670/api/nodes:0
[42253372ms] [ERROR] Failed to load resource: net::ERR_CONNECTION_REFUSED @ http://localhost:41670/api/health:0
[42255877ms] [ERROR] Failed to load resource: net::ERR_CONNECTION_REFUSED @ http://localhost:41670/api/nodes:0
[42258374ms] [ERROR] Failed to load resource: net::ERR_CONNECTION_REFUSED @ http://localhost:41670/api/health:0
[42260179ms] [ERROR] Failed to load resource: net::ERR_CONNECTION_REFUSED @ http://localhost:41670/api/activity?limit=50:0
[42260877ms] [ERROR] Failed to load resource: net::ERR_CONNECTION_REFUSED @ http://localhost:41670/api/nodes:0
[42263377ms] [ERROR] Failed to load resource: net::ERR_CONNECTION_REFUSED @ http://localhost:41670/api/health:0
[42265877ms] [ERROR] Failed to load resource: net::ERR_CONNECTION_REFUSED @ http://localhost:41670/api/nodes:0
[42268381ms] [ERROR] Failed to load resource: net::ERR_CONNECTION_REFUSED @ http://localhost:41670/api/health:0
[42270877ms] [ERROR] Failed to load resource: net::ERR_CONNECTION_REFUSED @ http://localhost:41670/api/nodes:0
[42273383ms] [ERROR] Failed to load resource: net::ERR_CONNECTION_REFUSED @ http://localhost:41670/api/health:0
[42275877ms] [ERROR] Failed to load resource: net::ERR_CONNECTION_REFUSED @ http://localhost:41670/api/nodes:0
[42278386ms] [ERROR] Failed to load resource: net::ERR_CONNECTION_REFUSED @ http://localhost:41670/api/health:0
[42280877ms] [ERROR] Failed to load resource: net::ERR_CONNECTION_REFUSED @ http://localhost:41670/api/nodes:0
[42283389ms] [ERROR] Failed to load resource: net::ERR_CONNECTION_REFUSED @ http://localhost:41670/api/health:0
[42285878ms] [ERROR] Failed to load resource: net::ERR_CONNECTION_REFUSED @ http://localhost:41670/api/nodes:0
[42288391ms] [ERROR] Failed to load resource: net::ERR_CONNECTION_REFUSED @ http://localhost:41670/api/health:0
[42290180ms] [ERROR] Failed to load resource: net::ERR_CONNECTION_REFUSED @ http://localhost:41670/api/activity?limit=50:0
[42290877ms] [ERROR] Failed to load resource: net::ERR_CONNECTION_REFUSED @ http://localhost:41670/api/nodes:0
[42293394ms] [ERROR] Failed to load resource: net::ERR_CONNECTION_REFUSED @ http://localhost:41670/api/health:0
[42295877ms] [ERROR] Failed to load resource: net::ERR_CONNECTION_REFUSED @ http://localhost:41670/api/nodes:0
[42298397ms] [ERROR] Failed to load resource: net::ERR_CONNECTION_REFUSED @ http://localhost:41670/api/health:0
[42300877ms] [ERROR] Failed to load resource: net::ERR_CONNECTION_REFUSED @ http://localhost:41670/api/nodes:0
[42303400ms] [ERROR] Failed to load resource: net::ERR_CONNECTION_REFUSED @ http://localhost:41670/api/health:0
[42305877ms] [ERROR] Failed to load resource: net::ERR_CONNECTION_REFUSED @ http://localhost:41670/api/nodes:0
[42308402ms] [ERROR] Failed to load resource: net::ERR_CONNECTION_REFUSED @ http://localhost:41670/api/health:0
[42310877ms] [ERROR] Failed to load resource: net::ERR_CONNECTION_REFUSED @ http://localhost:41670/api/nodes:0
[42313406ms] [ERROR] Failed to load resource: net::ERR_CONNECTION_REFUSED @ http://localhost:41670/api/health:0
[42315877ms] [ERROR] Failed to load resource: net::ERR_CONNECTION_REFUSED @ http://localhost:41670/api/nodes:0
[42318409ms] [ERROR] Failed to load resource: net::ERR_CONNECTION_REFUSED @ http://localhost:41670/api/health:0
[42320179ms] [ERROR] Failed to load resource: net::ERR_CONNECTION_REFUSED @ http://localhost:41670/api/activity?limit=50:0
[42320877ms] [ERROR] Failed to load resource: net::ERR_CONNECTION_REFUSED @ http://localhost:41670/api/nodes:0
[42323411ms] [ERROR] Failed to load resource: net::ERR_CONNECTION_REFUSED @ http://localhost:41670/api/health:0
[42325877ms] [ERROR] Failed to load resource: net::ERR_CONNECTION_REFUSED @ http://localhost:41670/api/nodes:0
[42328415ms] [ERROR] Failed to load resource: net::ERR_CONNECTION_REFUSED @ http://localhost:41670/api/health:0
[42330877ms] [ERROR] Failed to load resource: net::ERR_CONNECTION_REFUSED @ http://localhost:41670/api/nodes:0
[42333417ms] [ERROR] Failed to load resource: net::ERR_CONNECTION_REFUSED @ http://localhost:41670/api/health:0
[42335877ms] [ERROR] Failed to load resource: net::ERR_CONNECTION_REFUSED @ http://localhost:41670/api/nodes:0
[42338420ms] [ERROR] Failed to load resource: net::ERR_CONNECTION_REFUSED @ http://localhost:41670/api/health:0
[42340877ms] [ERROR] Failed to load resource: net::ERR_CONNECTION_REFUSED @ http://localhost:41670/api/nodes:0
[42343423ms] [ERROR] Failed to load resource: net::ERR_CONNECTION_REFUSED @ http://localhost:41670/api/health:0
[42345877ms] [ERROR] Failed to load resource: net::ERR_CONNECTION_REFUSED @ http://localhost:41670/api/nodes:0
[42348425ms] [ERROR] Failed to load resource: net::ERR_CONNECTION_REFUSED @ http://localhost:41670/api/health:0
[42350179ms] [ERROR] Failed to load resource: net::ERR_CONNECTION_REFUSED @ http://localhost:41670/api/activity?limit=50:0
[42350877ms] [ERROR] Failed to load resource: net::ERR_CONNECTION_REFUSED @ http://localhost:41670/api/nodes:0
[42353428ms] [ERROR] Failed to load resource: net::ERR_CONNECTION_REFUSED @ http://localhost:41670/api/health:0
[42355877ms] [ERROR] Failed to load resource: net::ERR_CONNECTION_REFUSED @ http://localhost:41670/api/nodes:0
[42358431ms] [ERROR] Failed to load resource: net::ERR_CONNECTION_REFUSED @ http://localhost:41670/api/health:0
[42360877ms] [ERROR] Failed to load resource: net::ERR_CONNECTION_REFUSED @ http://localhost:41670/api/nodes:0
[42363434ms] [ERROR] Failed to load resource: net::ERR_CONNECTION_REFUSED @ http://localhost:41670/api/health:0
[42365877ms] [ERROR] Failed to load resource: net::ERR_CONNECTION_REFUSED @ http://localhost:41670/api/nodes:0
[42368436ms] [ERROR] Failed to load resource: net::ERR_CONNECTION_REFUSED @ http://localhost:41670/api/health:0
[42370877ms] [ERROR] Failed to load resource: net::ERR_CONNECTION_REFUSED @ http://localhost:41670/api/nodes:0
[42373439ms] [ERROR] Failed to load resource: net::ERR_CONNECTION_REFUSED @ http://localhost:41670/api/health:0
[42375876ms] [ERROR] Failed to load resource: net::ERR_CONNECTION_REFUSED @ http://localhost:41670/api/nodes:0
[42378442ms] [ERROR] Failed to load resource: net::ERR_CONNECTION_REFUSED @ http://localhost:41670/api/health:0
[42380179ms] [ERROR] Failed to load resource: net::ERR_CONNECTION_REFUSED @ http://localhost:41670/api/activity?limit=50:0
[42380876ms] [ERROR] Failed to load resource: net::ERR_CONNECTION_REFUSED @ http://localhost:41670/api/nodes:0
[42383445ms] [ERROR] Failed to load resource: net::ERR_CONNECTION_REFUSED @ http://localhost:41670/api/health:0
[42385876ms] [ERROR] Failed to load resource: net::ERR_CONNECTION_REFUSED @ http://localhost:41670/api/nodes:0
[42388447ms] [ERROR] Failed to load resource: net::ERR_CONNECTION_REFUSED @ http://localhost:41670/api/health:0
[42390877ms] [ERROR] Failed to load resource: net::ERR_CONNECTION_REFUSED @ http://localhost:41670/api/nodes:0
[42393450ms] [ERROR] Failed to load resource: net::ERR_CONNECTION_REFUSED @ http://localhost:41670/api/health:0
[42395877ms] [ERROR] Failed to load resource: net::ERR_CONNECTION_REFUSED @ http://localhost:41670/api/nodes:0
[42398452ms] [ERROR] Failed to load resource: net::ERR_CONNECTION_REFUSED @ http://localhost:41670/api/health:0
[42400877ms] [ERROR] Failed to load resource: net::ERR_CONNECTION_REFUSED @ http://localhost:41670/api/nodes:0
[42403455ms] [ERROR] Failed to load resource: net::ERR_CONNECTION_REFUSED @ http://localhost:41670/api/health:0
[42405876ms] [ERROR] Failed to load resource: net::ERR_CONNECTION_REFUSED @ http://localhost:41670/api/nodes:0
[42408458ms] [ERROR] Failed to load resource: net::ERR_CONNECTION_REFUSED @ http://localhost:41670/api/health:0
[42410179ms] [ERROR] Failed to load resource: net::ERR_CONNECTION_REFUSED @ http://localhost:41670/api/activity?limit=50:0
[42410876ms] [ERROR] Failed to load resource: net::ERR_CONNECTION_REFUSED @ http://localhost:41670/api/nodes:0
[42413461ms] [ERROR] Failed to load resource: net::ERR_CONNECTION_REFUSED @ http://localhost:41670/api/health:0
[42415876ms] [ERROR] Failed to load resource: net::ERR_CONNECTION_REFUSED @ http://localhost:41670/api/nodes:0
[42418464ms] [ERROR] Failed to load resource: net::ERR_CONNECTION_REFUSED @ http://localhost:41670/api/health:0
[42420877ms] [ERROR] Failed to load resource: net::ERR_CONNECTION_REFUSED @ http://localhost:41670/api/nodes:0
[42423467ms] [ERROR] Failed to load resource: net::ERR_CONNECTION_REFUSED @ http://localhost:41670/api/health:0
[42425877ms] [ERROR] Failed to load resource: net::ERR_CONNECTION_REFUSED @ http://localhost:41670/api/nodes:0
[42428470ms] [ERROR] Failed to load resource: net::ERR_CONNECTION_REFUSED @ http://localhost:41670/api/health:0
[42430877ms] [ERROR] Failed to load resource: net::ERR_CONNECTION_REFUSED @ http://localhost:41670/api/nodes:0
[42433473ms] [ERROR] Failed to load resource: net::ERR_CONNECTION_REFUSED @ http://localhost:41670/api/health:0
[42435876ms] [ERROR] Failed to load resource: net::ERR_CONNECTION_REFUSED @ http://localhost:41670/api/nodes:0
[42438475ms] [ERROR] Failed to load resource: net::ERR_CONNECTION_REFUSED @ http://localhost:41670/api/health:0
[42440180ms] [ERROR] Failed to load resource: net::ERR_CONNECTION_REFUSED @ http://localhost:41670/api/activity?limit=50:0
[42440876ms] [ERROR] Failed to load resource: net::ERR_CONNECTION_REFUSED @ http://localhost:41670/api/nodes:0
[42443478ms] [ERROR] Failed to load resource: net::ERR_CONNECTION_REFUSED @ http://localhost:41670/api/health:0
[42445877ms] [ERROR] Failed to load resource: net::ERR_CONNECTION_REFUSED @ http://localhost:41670/api/nodes:0
[42448481ms] [ERROR] Failed to load resource: net::ERR_CONNECTION_REFUSED @ http://localhost:41670/api/health:0
[42450877ms] [ERROR] Failed to load resource: net::ERR_CONNECTION_REFUSED @ http://localhost:41670/api/nodes:0
[42453484ms] [ERROR] Failed to load resource: net::ERR_CONNECTION_REFUSED @ http://localhost:41670/api/health:0
[42455876ms] [ERROR] Failed to load resource: net::ERR_CONNECTION_REFUSED @ http://localhost:41670/api/nodes:0
[42458488ms] [ERROR] Failed to load resource: net::ERR_CONNECTION_REFUSED @ http://localhost:41670/api/health:0
[42460876ms] [ERROR] Failed to load resource: net::ERR_CONNECTION_REFUSED @ http://localhost:41670/api/nodes:0
[42463491ms] [ERROR] Failed to load resource: net::ERR_CONNECTION_REFUSED @ http://localhost:41670/api/health:0
[42465876ms] [ERROR] Failed to load resource: net::ERR_CONNECTION_REFUSED @ http://localhost:41670/api/nodes:0
[42468493ms] [ERROR] Failed to load resource: net::ERR_CONNECTION_REFUSED @ http://localhost:41670/api/health:0
[42470178ms] [ERROR] Failed to load resource: net::ERR_CONNECTION_REFUSED @ http://localhost:41670/api/activity?limit=50:0
[42470876ms] [ERROR] Failed to load resource: net::ERR_CONNECTION_REFUSED @ http://localhost:41670/api/nodes:0
[42473497ms] [ERROR] Failed to load resource: net::ERR_CONNECTION_REFUSED @ http://localhost:41670/api/health:0
[42475877ms] [ERROR] Failed to load resource: net::ERR_CONNECTION_REFUSED @ http://localhost:41670/api/nodes:0
[42478499ms] [ERROR] Failed to load resource: net::ERR_CONNECTION_REFUSED @ http://localhost:41670/api/health:0
[42480876ms] [ERROR] Failed to load resource: net::ERR_CONNECTION_REFUSED @ http://localhost:41670/api/nodes:0
[42483501ms] [ERROR] Failed to load resource: net::ERR_CONNECTION_REFUSED @ http://localhost:41670/api/health:0
[42485876ms] [ERROR] Failed to load resource: net::ERR_CONNECTION_REFUSED @ http://localhost:41670/api/nodes:0
[42488504ms] [ERROR] Failed to load resource: net::ERR_CONNECTION_REFUSED @ http://localhost:41670/api/health:0
[42490876ms] [ERROR] Failed to load resource: net::ERR_CONNECTION_REFUSED @ http://localhost:41670/api/nodes:0
[42493507ms] [ERROR] Failed to load resource: net::ERR_CONNECTION_REFUSED @ http://localhost:41670/api/health:0
[42495876ms] [ERROR] Failed to load resource: net::ERR_CONNECTION_REFUSED @ http://localhost:41670/api/nodes:0
[42498509ms] [ERROR] Failed to load resource: net::ERR_CONNECTION_REFUSED @ http://localhost:41670/api/health:0
[42500177ms] [ERROR] Failed to load resource: net::ERR_CONNECTION_REFUSED @ http://localhost:41670/api/activity?limit=50:0
[42500877ms] [ERROR] Failed to load resource: net::ERR_CONNECTION_REFUSED @ http://localhost:41670/api/nodes:0
[42503512ms] [ERROR] Failed to load resource: net::ERR_CONNECTION_REFUSED @ http://localhost:41670/api/health:0
[42505877ms] [ERROR] Failed to load resource: net::ERR_CONNECTION_REFUSED @ http://localhost:41670/api/nodes:0
[42508515ms] [ERROR] Failed to load resource: net::ERR_CONNECTION_REFUSED @ http://localhost:41670/api/health:0
[42510876ms] [ERROR] Failed to load resource: net::ERR_CONNECTION_REFUSED @ http://localhost:41670/api/nodes:0
[42513518ms] [ERROR] Failed to load resource: net::ERR_CONNECTION_REFUSED @ http://localhost:41670/api/health:0
[42515876ms] [ERROR] Failed to load resource: net::ERR_CONNECTION_REFUSED @ http://localhost:41670/api/nodes:0
[42518520ms] [ERROR] Failed to load resource: net::ERR_CONNECTION_REFUSED @ http://localhost:41670/api/health:0
[42520876ms] [ERROR] Failed to load resource: net::ERR_CONNECTION_REFUSED @ http://localhost:41670/api/nodes:0
[42523523ms] [ERROR] Failed to load resource: net::ERR_CONNECTION_REFUSED @ http://localhost:41670/api/health:0
[42525876ms] [ERROR] Failed to load resource: net::ERR_CONNECTION_REFUSED @ http://localhost:41670/api/nodes:0
[42528525ms] [ERROR] Failed to load resource: net::ERR_CONNECTION_REFUSED @ http://localhost:41670/api/health:0
[42530179ms] [ERROR] Failed to load resource: net::ERR_CONNECTION_REFUSED @ http://localhost:41670/api/activity?limit=50:0
[42530876ms] [ERROR] Failed to load resource: net::ERR_CONNECTION_REFUSED @ http://localhost:41670/api/nodes:0
[42533529ms] [ERROR] Failed to load resource: net::ERR_CONNECTION_REFUSED @ http://localhost:41670/api/health:0
[42535876ms] [ERROR] Failed to load resource: net::ERR_CONNECTION_REFUSED @ http://localhost:41670/api/nodes:0
[42538531ms] [ERROR] Failed to load resource: net::ERR_CONNECTION_REFUSED @ http://localhost:41670/api/health:0
[42540876ms] [ERROR] Failed to load resource: net::ERR_CONNECTION_REFUSED @ http://localhost:41670/api/nodes:0
[42543533ms] [ERROR] Failed to load resource: net::ERR_CONNECTION_REFUSED @ http://localhost:41670/api/health:0
[42545877ms] [ERROR] Failed to load resource: net::ERR_CONNECTION_REFUSED @ http://localhost:41670/api/nodes:0
[42548536ms] [ERROR] Failed to load resource: net::ERR_CONNECTION_REFUSED @ http://localhost:41670/api/health:0
[42550876ms] [ERROR] Failed to load resource: net::ERR_CONNECTION_REFUSED @ http://localhost:41670/api/nodes:0
[42553538ms] [ERROR] Failed to load resource: net::ERR_CONNECTION_REFUSED @ http://localhost:41670/api/health:0
[42555877ms] [ERROR] Failed to load resource: net::ERR_CONNECTION_REFUSED @ http://localhost:41670/api/nodes:0
[42558540ms] [ERROR] Failed to load resource: net::ERR_CONNECTION_REFUSED @ http://localhost:41670/api/health:0
[42560178ms] [ERROR] Failed to load resource: net::ERR_CONNECTION_REFUSED @ http://localhost:41670/api/activity?limit=50:0
[42560876ms] [ERROR] Failed to load resource: net::ERR_CONNECTION_REFUSED @ http://localhost:41670/api/nodes:0
[42563543ms] [ERROR] Failed to load resource: net::ERR_CONNECTION_REFUSED @ http://localhost:41670/api/health:0
[42565876ms] [ERROR] Failed to load resource: net::ERR_CONNECTION_REFUSED @ http://localhost:41670/api/nodes:0
[42568546ms] [ERROR] Failed to load resource: net::ERR_CONNECTION_REFUSED @ http://localhost:41670/api/health:0
[42570877ms] [ERROR] Failed to load resource: net::ERR_CONNECTION_REFUSED @ http://localhost:41670/api/nodes:0
[42573548ms] [ERROR] Failed to load resource: net::ERR_CONNECTION_REFUSED @ http://localhost:41670/api/health:0
[42575876ms] [ERROR] Failed to load resource: net::ERR_CONNECTION_REFUSED @ http://localhost:41670/api/nodes:0
[42578550ms] [ERROR] Failed to load resource: net::ERR_CONNECTION_REFUSED @ http://localhost:41670/api/health:0
[42580876ms] [ERROR] Failed to load resource: net::ERR_CONNECTION_REFUSED @ http://localhost:41670/api/nodes:0
[42583552ms] [ERROR] Failed to load resource: net::ERR_CONNECTION_REFUSED @ http://localhost:41670/api/health:0
[42585876ms] [ERROR] Failed to load resource: net::ERR_CONNECTION_REFUSED @ http://localhost:41670/api/nodes:0
[42588554ms] [ERROR] Failed to load resource: net::ERR_CONNECTION_REFUSED @ http://localhost:41670/api/health:0
[42590179ms] [ERROR] Failed to load resource: net::ERR_CONNECTION_REFUSED @ http://localhost:41670/api/activity?limit=50:0
[42590876ms] [ERROR] Failed to load resource: net::ERR_CONNECTION_REFUSED @ http://localhost:41670/api/nodes:0
[42593557ms] [ERROR] Failed to load resource: net::ERR_CONNECTION_REFUSED @ http://localhost:41670/api/health:0
[42595876ms] [ERROR] Failed to load resource: net::ERR_CONNECTION_REFUSED @ http://localhost:41670/api/nodes:0
[42598560ms] [ERROR] Failed to load resource: net::ERR_CONNECTION_REFUSED @ http://localhost:41670/api/health:0
[42600876ms] [ERROR] Failed to load resource: net::ERR_CONNECTION_REFUSED @ http://localhost:41670/api/nodes:0
[42603564ms] [ERROR] Failed to load resource: net::ERR_CONNECTION_REFUSED @ http://localhost:41670/api/health:0
[42605876ms] [ERROR] Failed to load resource: net::ERR_CONNECTION_REFUSED @ http://localhost:41670/api/nodes:0
[42608566ms] [ERROR] Failed to load resource: net::ERR_CONNECTION_REFUSED @ http://localhost:41670/api/health:0
[42610876ms] [ERROR] Failed to load resource: net::ERR_CONNECTION_REFUSED @ http://localhost:41670/api/nodes:0
[42613568ms] [ERROR] Failed to load resource: net::ERR_CONNECTION_REFUSED @ http://localhost:41670/api/health:0
[42615876ms] [ERROR] Failed to load resource: net::ERR_CONNECTION_REFUSED @ http://localhost:41670/api/nodes:0
[42618573ms] [ERROR] Failed to load resource: net::ERR_CONNECTION_REFUSED @ http://localhost:41670/api/health:0
[42620178ms] [ERROR] Failed to load resource: net::ERR_CONNECTION_REFUSED @ http://localhost:41670/api/activity?limit=50:0
[42620876ms] [ERROR] Failed to load resource: net::ERR_CONNECTION_REFUSED @ http://localhost:41670/api/nodes:0
[42623575ms] [ERROR] Failed to load resource: net::ERR_CONNECTION_REFUSED @ http://localhost:41670/api/health:0
[42625876ms] [ERROR] Failed to load resource: net::ERR_CONNECTION_REFUSED @ http://localhost:41670/api/nodes:0
[42628579ms] [ERROR] Failed to load resource: net::ERR_CONNECTION_REFUSED @ http://localhost:41670/api/health:0
[42630876ms] [ERROR] Failed to load resource: net::ERR_CONNECTION_REFUSED @ http://localhost:41670/api/nodes:0
[42633582ms] [ERROR] Failed to load resource: net::ERR_CONNECTION_REFUSED @ http://localhost:41670/api/health:0
[42635876ms] [ERROR] Failed to load resource: net::ERR_CONNECTION_REFUSED @ http://localhost:41670/api/nodes:0
[42638584ms] [ERROR] Failed to load resource: net::ERR_CONNECTION_REFUSED @ http://localhost:41670/api/health:0
[42640876ms] [ERROR] Failed to load resource: net::ERR_CONNECTION_REFUSED @ http://localhost:41670/api/nodes:0
[42643588ms] [ERROR] Failed to load resource: net::ERR_CONNECTION_REFUSED @ http://localhost:41670/api/health:0
[42645876ms] [ERROR] Failed to load resource: net::ERR_CONNECTION_REFUSED @ http://localhost:41670/api/nodes:0
[42648591ms] [ERROR] Failed to load resource: net::ERR_CONNECTION_REFUSED @ http://localhost:41670/api/health:0
[42650177ms] [ERROR] Failed to load resource: net::ERR_CONNECTION_REFUSED @ http://localhost:41670/api/activity?limit=50:0
[42650876ms] [ERROR] Failed to load resource: net::ERR_CONNECTION_REFUSED @ http://localhost:41670/api/nodes:0
[42653593ms] [ERROR] Failed to load resource: net::ERR_CONNECTION_REFUSED @ http://localhost:41670/api/health:0
[42655876ms] [ERROR] Failed to load resource: net::ERR_CONNECTION_REFUSED @ http://localhost:41670/api/nodes:0
[42658597ms] [ERROR] Failed to load resource: net::ERR_CONNECTION_REFUSED @ http://localhost:41670/api/health:0
[42660876ms] [ERROR] Failed to load resource: net::ERR_CONNECTION_REFUSED @ http://localhost:41670/api/nodes:0
[42663599ms] [ERROR] Failed to load resource: net::ERR_CONNECTION_REFUSED @ http://localhost:41670/api/health:0
[42665876ms] [ERROR] Failed to load resource: net::ERR_CONNECTION_REFUSED @ http://localhost:41670/api/nodes:0
[42668602ms] [ERROR] Failed to load resource: net::ERR_CONNECTION_REFUSED @ http://localhost:41670/api/health:0
[42670876ms] [ERROR] Failed to load resource: net::ERR_CONNECTION_REFUSED @ http://localhost:41670/api/nodes:0
[42673605ms] [ERROR] Failed to load resource: net::ERR_CONNECTION_REFUSED @ http://localhost:41670/api/health:0
[42675876ms] [ERROR] Failed to load resource: net::ERR_CONNECTION_REFUSED @ http://localhost:41670/api/nodes:0
[42678608ms] [ERROR] Failed to load resource: net::ERR_CONNECTION_REFUSED @ http://localhost:41670/api/health:0
[42680178ms] [ERROR] Failed to load resource: net::ERR_CONNECTION_REFUSED @ http://localhost:41670/api/activity?limit=50:0
[42680876ms] [ERROR] Failed to load resource: net::ERR_CONNECTION_REFUSED @ http://localhost:41670/api/nodes:0
[42683610ms] [ERROR] Failed to load resource: net::ERR_CONNECTION_REFUSED @ http://localhost:41670/api/health:0
[42685876ms] [ERROR] Failed to load resource: net::ERR_CONNECTION_REFUSED @ http://localhost:41670/api/nodes:0
[42688614ms] [ERROR] Failed to load resource: net::ERR_CONNECTION_REFUSED @ http://localhost:41670/api/health:0
[42690876ms] [ERROR] Failed to load resource: net::ERR_CONNECTION_REFUSED @ http://localhost:41670/api/nodes:0
[42693616ms] [ERROR] Failed to load resource: net::ERR_CONNECTION_REFUSED @ http://localhost:41670/api/health:0
[42695876ms] [ERROR] Failed to load resource: net::ERR_CONNECTION_REFUSED @ http://localhost:41670/api/nodes:0
[42698620ms] [ERROR] Failed to load resource: net::ERR_CONNECTION_REFUSED @ http://localhost:41670/api/health:0
[42700880ms] [ERROR] Failed to load resource: net::ERR_CONNECTION_REFUSED @ http://localhost:41670/api/nodes:0
[42703622ms] [ERROR] Failed to load resource: net::ERR_CONNECTION_REFUSED @ http://localhost:41670/api/health:0
[42705876ms] [ERROR] Failed to load resource: net::ERR_CONNECTION_REFUSED @ http://localhost:41670/api/nodes:0
[42708624ms] [ERROR] Failed to load resource: net::ERR_CONNECTION_REFUSED @ http://localhost:41670/api/health:0
[42710176ms] [ERROR] Failed to load resource: net::ERR_CONNECTION_REFUSED @ http://localhost:41670/api/activity?limit=50:0
[42710876ms] [ERROR] Failed to load resource: net::ERR_CONNECTION_REFUSED @ http://localhost:41670/api/nodes:0
[42713627ms] [ERROR] Failed to load resource: net::ERR_CONNECTION_REFUSED @ http://localhost:41670/api/health:0
[42715876ms] [ERROR] Failed to load resource: net::ERR_CONNECTION_REFUSED @ http://localhost:41670/api/nodes:0
[42718630ms] [ERROR] Failed to load resource: net::ERR_CONNECTION_REFUSED @ http://localhost:41670/api/health:0
[42720876ms] [ERROR] Failed to load resource: net::ERR_CONNECTION_REFUSED @ http://localhost:41670/api/nodes:0
[42723633ms] [ERROR] Failed to load resource: net::ERR_CONNECTION_REFUSED @ http://localhost:41670/api/health:0
[42725876ms] [ERROR] Failed to load resource: net::ERR_CONNECTION_REFUSED @ http://localhost:41670/api/nodes:0
[42728635ms] [ERROR] Failed to load resource: net::ERR_CONNECTION_REFUSED @ http://localhost:41670/api/health:0
[42730876ms] [ERROR] Failed to load resource: net::ERR_CONNECTION_REFUSED @ http://localhost:41670/api/nodes:0
[42733638ms] [ERROR] Failed to load resource: net::ERR_CONNECTION_REFUSED @ http://localhost:41670/api/health:0
[42735877ms] [ERROR] Failed to load resource: net::ERR_CONNECTION_REFUSED @ http://localhost:41670/api/nodes:0
[42738641ms] [ERROR] Failed to load resource: net::ERR_CONNECTION_REFUSED @ http://localhost:41670/api/health:0
[42740176ms] [ERROR] Failed to load resource: net::ERR_CONNECTION_REFUSED @ http://localhost:41670/api/activity?limit=50:0
[42740876ms] [ERROR] Failed to load resource: net::ERR_CONNECTION_REFUSED @ http://localhost:41670/api/nodes:0
[42743643ms] [ERROR] Failed to load resource: net::ERR_CONNECTION_REFUSED @ http://localhost:41670/api/health:0
[42745876ms] [ERROR] Failed to load resource: net::ERR_CONNECTION_REFUSED @ http://localhost:41670/api/nodes:0
[42748647ms] [ERROR] Failed to load resource: net::ERR_CONNECTION_REFUSED @ http://localhost:41670/api/health:0
[42750876ms] [ERROR] Failed to load resource: net::ERR_CONNECTION_REFUSED @ http://localhost:41670/api/nodes:0
[42753649ms] [ERROR] Failed to load resource: net::ERR_CONNECTION_REFUSED @ http://localhost:41670/api/health:0
[42755877ms] [ERROR] Failed to load resource: net::ERR_CONNECTION_REFUSED @ http://localhost:41670/api/nodes:0
[42758652ms] [ERROR] Failed to load resource: net::ERR_CONNECTION_REFUSED @ http://localhost:41670/api/health:0
[42760875ms] [ERROR] Failed to load resource: net::ERR_CONNECTION_REFUSED @ http://localhost:41670/api/nodes:0
[42763654ms] [ERROR] Failed to load resource: net::ERR_CONNECTION_REFUSED @ http://localhost:41670/api/health:0
[42765876ms] [ERROR] Failed to load resource: net::ERR_CONNECTION_REFUSED @ http://localhost:41670/api/nodes:0
[42768656ms] [ERROR] Failed to load resource: net::ERR_CONNECTION_REFUSED @ http://localhost:41670/api/health:0
[42770177ms] [ERROR] Failed to load resource: net::ERR_CONNECTION_REFUSED @ http://localhost:41670/api/activity?limit=50:0
[42770875ms] [ERROR] Failed to load resource: net::ERR_CONNECTION_REFUSED @ http://localhost:41670/api/nodes:0
[42773659ms] [ERROR] Failed to load resource: net::ERR_CONNECTION_REFUSED @ http://localhost:41670/api/health:0
[42775875ms] [ERROR] Failed to load resource: net::ERR_CONNECTION_REFUSED @ http://localhost:41670/api/nodes:0
[42778662ms] [ERROR] Failed to load resource: net::ERR_CONNECTION_REFUSED @ http://localhost:41670/api/health:0
[42780876ms] [ERROR] Failed to load resource: net::ERR_CONNECTION_REFUSED @ http://localhost:41670/api/nodes:0
[42783664ms] [ERROR] Failed to load resource: net::ERR_CONNECTION_REFUSED @ http://localhost:41670/api/health:0
[42785875ms] [ERROR] Failed to load resource: net::ERR_CONNECTION_REFUSED @ http://localhost:41670/api/nodes:0
[42788666ms] [ERROR] Failed to load resource: net::ERR_CONNECTION_REFUSED @ http://localhost:41670/api/health:0
[42790876ms] [ERROR] Failed to load resource: net::ERR_CONNECTION_REFUSED @ http://localhost:41670/api/nodes:0
[42793668ms] [ERROR] Failed to load resource: net::ERR_CONNECTION_REFUSED @ http://localhost:41670/api/health:0
[42795876ms] [ERROR] Failed to load resource: net::ERR_CONNECTION_REFUSED @ http://localhost:41670/api/nodes:0
[42798672ms] [ERROR] Failed to load resource: net::ERR_CONNECTION_REFUSED @ http://localhost:41670/api/health:0
[42800176ms] [ERROR] Failed to load resource: net::ERR_CONNECTION_REFUSED @ http://localhost:41670/api/activity?limit=50:0
[42800875ms] [ERROR] Failed to load resource: net::ERR_CONNECTION_REFUSED @ http://localhost:41670/api/nodes:0
[42803674ms] [ERROR] Failed to load resource: net::ERR_CONNECTION_REFUSED @ http://localhost:41670/api/health:0
[42805875ms] [ERROR] Failed to load resource: net::ERR_CONNECTION_REFUSED @ http://localhost:41670/api/nodes:0
[42808676ms] [ERROR] Failed to load resource: net::ERR_CONNECTION_REFUSED @ http://localhost:41670/api/health:0
[42810875ms] [ERROR] Failed to load resource: net::ERR_CONNECTION_REFUSED @ http://localhost:41670/api/nodes:0
[42813679ms] [ERROR] Failed to load resource: net::ERR_CONNECTION_REFUSED @ http://localhost:41670/api/health:0
[42815875ms] [ERROR] Failed to load resource: net::ERR_CONNECTION_REFUSED @ http://localhost:41670/api/nodes:0
[42818681ms] [ERROR] Failed to load resource: net::ERR_CONNECTION_REFUSED @ http://localhost:41670/api/health:0
[42820875ms] [ERROR] Failed to load resource: net::ERR_CONNECTION_REFUSED @ http://localhost:41670/api/nodes:0
[42823684ms] [ERROR] Failed to load resource: net::ERR_CONNECTION_REFUSED @ http://localhost:41670/api/health:0
[42825876ms] [ERROR] Failed to load resource: net::ERR_CONNECTION_REFUSED @ http://localhost:41670/api/nodes:0
[42828688ms] [ERROR] Failed to load resource: net::ERR_CONNECTION_REFUSED @ http://localhost:41670/api/health:0
[42830178ms] [ERROR] Failed to load resource: net::ERR_CONNECTION_REFUSED @ http://localhost:41670/api/activity?limit=50:0
[42830876ms] [ERROR] Failed to load resource: net::ERR_CONNECTION_REFUSED @ http://localhost:41670/api/nodes:0
[42833690ms] [ERROR] Failed to load resource: net::ERR_CONNECTION_REFUSED @ http://localhost:41670/api/health:0
[42835877ms] [ERROR] Failed to load resource: net::ERR_CONNECTION_REFUSED @ http://localhost:41670/api/nodes:0
[42838695ms] [ERROR] Failed to load resource: net::ERR_CONNECTION_REFUSED @ http://localhost:41670/api/health:0
[42840880ms] [ERROR] Failed to load resource: net::ERR_CONNECTION_REFUSED @ http://localhost:41670/api/nodes:0
[42843701ms] [ERROR] Failed to load resource: net::ERR_CONNECTION_REFUSED @ http://localhost:41670/api/health:0
[42845881ms] [ERROR] Failed to load resource: net::ERR_CONNECTION_REFUSED @ http://localhost:41670/api/nodes:0
[42848704ms] [ERROR] Failed to load resource: net::ERR_CONNECTION_REFUSED @ http://localhost:41670/api/health:0
[42850882ms] [ERROR] Failed to load resource: net::ERR_CONNECTION_REFUSED @ http://localhost:41670/api/nodes:0
[42853709ms] [ERROR] Failed to load resource: net::ERR_CONNECTION_REFUSED @ http://localhost:41670/api/health:0
[42855883ms] [ERROR] Failed to load resource: net::ERR_CONNECTION_REFUSED @ http://localhost:41670/api/nodes:0
[42858713ms] [ERROR] Failed to load resource: net::ERR_CONNECTION_REFUSED @ http://localhost:41670/api/health:0
[42860185ms] [ERROR] Failed to load resource: net::ERR_CONNECTION_REFUSED @ http://localhost:41670/api/activity?limit=50:0
[42860884ms] [ERROR] Failed to load resource: net::ERR_CONNECTION_REFUSED @ http://localhost:41670/api/nodes:0
[42863716ms] [ERROR] Failed to load resource: net::ERR_CONNECTION_REFUSED @ http://localhost:41670/api/health:0
[42865884ms] [ERROR] Failed to load resource: net::ERR_CONNECTION_REFUSED @ http://localhost:41670/api/nodes:0
[42868718ms] [ERROR] Failed to load resource: net::ERR_CONNECTION_REFUSED @ http://localhost:41670/api/health:0
[42870885ms] [ERROR] Failed to load resource: net::ERR_CONNECTION_REFUSED @ http://localhost:41670/api/nodes:0
[42873722ms] [ERROR] Failed to load resource: net::ERR_CONNECTION_REFUSED @ http://localhost:41670/api/health:0
[42875885ms] [ERROR] Failed to load resource: net::ERR_CONNECTION_REFUSED @ http://localhost:41670/api/nodes:0
[42878724ms] [ERROR] Failed to load resource: net::ERR_CONNECTION_REFUSED @ http://localhost:41670/api/health:0
[42880884ms] [ERROR] Failed to load resource: net::ERR_CONNECTION_REFUSED @ http://localhost:41670/api/nodes:0
[42883726ms] [ERROR] Failed to load resource: net::ERR_CONNECTION_REFUSED @ http://localhost:41670/api/health:0
[42885886ms] [ERROR] Failed to load resource: net::ERR_CONNECTION_REFUSED @ http://localhost:41670/api/nodes:0
[42888730ms] [ERROR] Failed to load resource: net::ERR_CONNECTION_REFUSED @ http://localhost:41670/api/health:0
[42890187ms] [ERROR] Failed to load resource: net::ERR_CONNECTION_REFUSED @ http://localhost:41670/api/activity?limit=50:0
[42890885ms] [ERROR] Failed to load resource: net::ERR_CONNECTION_REFUSED @ http://localhost:41670/api/nodes:0
[42893733ms] [ERROR] Failed to load resource: net::ERR_CONNECTION_REFUSED @ http://localhost:41670/api/health:0
[42895884ms] [ERROR] Failed to load resource: net::ERR_CONNECTION_REFUSED @ http://localhost:41670/api/nodes:0
[42898736ms] [ERROR] Failed to load resource: net::ERR_CONNECTION_REFUSED @ http://localhost:41670/api/health:0
[42900885ms] [ERROR] Failed to load resource: net::ERR_CONNECTION_REFUSED @ http://localhost:41670/api/nodes:0
[42903739ms] [ERROR] Failed to load resource: net::ERR_CONNECTION_REFUSED @ http://localhost:41670/api/health:0
[42905885ms] [ERROR] Failed to load resource: net::ERR_CONNECTION_REFUSED @ http://localhost:41670/api/nodes:0
[42908741ms] [ERROR] Failed to load resource: net::ERR_CONNECTION_REFUSED @ http://localhost:41670/api/health:0
[42910885ms] [ERROR] Failed to load resource: net::ERR_CONNECTION_REFUSED @ http://localhost:41670/api/nodes:0
[42913745ms] [ERROR] Failed to load resource: net::ERR_CONNECTION_REFUSED @ http://localhost:41670/api/health:0
[42915884ms] [ERROR] Failed to load resource: net::ERR_CONNECTION_REFUSED @ http://localhost:41670/api/nodes:0
[42918748ms] [ERROR] Failed to load resource: net::ERR_CONNECTION_REFUSED @ http://localhost:41670/api/health:0
[42920186ms] [ERROR] Failed to load resource: net::ERR_CONNECTION_REFUSED @ http://localhost:41670/api/activity?limit=50:0
[42920885ms] [ERROR] Failed to load resource: net::ERR_CONNECTION_REFUSED @ http://localhost:41670/api/nodes:0
[42923750ms] [ERROR] Failed to load resource: net::ERR_CONNECTION_REFUSED @ http://localhost:41670/api/health:0
[42925885ms] [ERROR] Failed to load resource: net::ERR_CONNECTION_REFUSED @ http://localhost:41670/api/nodes:0
[42928751ms] [ERROR] Failed to load resource: net::ERR_CONNECTION_REFUSED @ http://localhost:41670/api/health:0
[42930885ms] [ERROR] Failed to load resource: net::ERR_CONNECTION_REFUSED @ http://localhost:41670/api/nodes:0
[42933755ms] [ERROR] Failed to load resource: net::ERR_CONNECTION_REFUSED @ http://localhost:41670/api/health:0
[42935885ms] [ERROR] Failed to load resource: net::ERR_CONNECTION_REFUSED @ http://localhost:41670/api/nodes:0
[42938757ms] [ERROR] Failed to load resource: net::ERR_CONNECTION_REFUSED @ http://localhost:41670/api/health:0
[42940885ms] [ERROR] Failed to load resource: net::ERR_CONNECTION_REFUSED @ http://localhost:41670/api/nodes:0
[42943760ms] [ERROR] Failed to load resource: net::ERR_CONNECTION_REFUSED @ http://localhost:41670/api/health:0
[42945885ms] [ERROR] Failed to load resource: net::ERR_CONNECTION_REFUSED @ http://localhost:41670/api/nodes:0
[42948764ms] [ERROR] Failed to load resource: net::ERR_CONNECTION_REFUSED @ http://localhost:41670/api/health:0
[42950188ms] [ERROR] Failed to load resource: net::ERR_CONNECTION_REFUSED @ http://localhost:41670/api/activity?limit=50:0
[42950884ms] [ERROR] Failed to load resource: net::ERR_CONNECTION_REFUSED @ http://localhost:41670/api/nodes:0
[42953766ms] [ERROR] Failed to load resource: net::ERR_CONNECTION_REFUSED @ http://localhost:41670/api/health:0
[42955885ms] [ERROR] Failed to load resource: net::ERR_CONNECTION_REFUSED @ http://localhost:41670/api/nodes:0
[42958768ms] [ERROR] Failed to load resource: net::ERR_CONNECTION_REFUSED @ http://localhost:41670/api/health:0
[42960885ms] [ERROR] Failed to load resource: net::ERR_CONNECTION_REFUSED @ http://localhost:41670/api/nodes:0
[42963772ms] [ERROR] Failed to load resource: net::ERR_CONNECTION_REFUSED @ http://localhost:41670/api/health:0
[42965885ms] [ERROR] Failed to load resource: net::ERR_CONNECTION_REFUSED @ http://localhost:41670/api/nodes:0
[42968775ms] [ERROR] Failed to load resource: net::ERR_CONNECTION_REFUSED @ http://localhost:41670/api/health:0
[42970885ms] [ERROR] Failed to load resource: net::ERR_CONNECTION_REFUSED @ http://localhost:41670/api/nodes:0
[42973777ms] [ERROR] Failed to load resource: net::ERR_CONNECTION_REFUSED @ http://localhost:41670/api/health:0
[42975885ms] [ERROR] Failed to load resource: net::ERR_CONNECTION_REFUSED @ http://localhost:41670/api/nodes:0
[42978782ms] [ERROR] Failed to load resource: net::ERR_CONNECTION_REFUSED @ http://localhost:41670/api/health:0
[42980188ms] [ERROR] Failed to load resource: net::ERR_CONNECTION_REFUSED @ http://localhost:41670/api/activity?limit=50:0
[42980885ms] [ERROR] Failed to load resource: net::ERR_CONNECTION_REFUSED @ http://localhost:41670/api/nodes:0
[42983785ms] [ERROR] Failed to load resource: net::ERR_CONNECTION_REFUSED @ http://localhost:41670/api/health:0
[42985886ms] [ERROR] Failed to load resource: net::ERR_CONNECTION_REFUSED @ http://localhost:41670/api/nodes:0
[42988789ms] [ERROR] Failed to load resource: net::ERR_CONNECTION_REFUSED @ http://localhost:41670/api/health:0
[42990885ms] [ERROR] Failed to load resource: net::ERR_CONNECTION_REFUSED @ http://localhost:41670/api/nodes:0
[42993793ms] [ERROR] Failed to load resource: net::ERR_CONNECTION_REFUSED @ http://localhost:41670/api/health:0
[42995886ms] [ERROR] Failed to load resource: net::ERR_CONNECTION_REFUSED @ http://localhost:41670/api/nodes:0
[42998796ms] [ERROR] Failed to load resource: net::ERR_CONNECTION_REFUSED @ http://localhost:41670/api/health:0
[43000885ms] [ERROR] Failed to load resource: net::ERR_CONNECTION_REFUSED @ http://localhost:41670/api/nodes:0
[43003798ms] [ERROR] Failed to load resource: net::ERR_CONNECTION_REFUSED @ http://localhost:41670/api/health:0
[43005886ms] [ERROR] Failed to load resource: net::ERR_CONNECTION_REFUSED @ http://localhost:41670/api/nodes:0
[43008801ms] [ERROR] Failed to load resource: net::ERR_CONNECTION_REFUSED @ http://localhost:41670/api/health:0
[43010187ms] [ERROR] Failed to load resource: net::ERR_CONNECTION_REFUSED @ http://localhost:41670/api/activity?limit=50:0
[43010885ms] [ERROR] Failed to load resource: net::ERR_CONNECTION_REFUSED @ http://localhost:41670/api/nodes:0
[43013803ms] [ERROR] Failed to load resource: net::ERR_CONNECTION_REFUSED @ http://localhost:41670/api/health:0
[43015885ms] [ERROR] Failed to load resource: net::ERR_CONNECTION_REFUSED @ http://localhost:41670/api/nodes:0
[43018806ms] [ERROR] Failed to load resource: net::ERR_CONNECTION_REFUSED @ http://localhost:41670/api/health:0
[43020885ms] [ERROR] Failed to load resource: net::ERR_CONNECTION_REFUSED @ http://localhost:41670/api/nodes:0
[43023808ms] [ERROR] Failed to load resource: net::ERR_CONNECTION_REFUSED @ http://localhost:41670/api/health:0
[43025885ms] [ERROR] Failed to load resource: net::ERR_CONNECTION_REFUSED @ http://localhost:41670/api/nodes:0
[43028811ms] [ERROR] Failed to load resource: net::ERR_CONNECTION_REFUSED @ http://localhost:41670/api/health:0
[43030885ms] [ERROR] Failed to load resource: net::ERR_CONNECTION_REFUSED @ http://localhost:41670/api/nodes:0
[43033815ms] [ERROR] Failed to load resource: net::ERR_CONNECTION_REFUSED @ http://localhost:41670/api/health:0
[43035885ms] [ERROR] Failed to load resource: net::ERR_CONNECTION_REFUSED @ http://localhost:41670/api/nodes:0
[43038817ms] [ERROR] Failed to load resource: net::ERR_CONNECTION_REFUSED @ http://localhost:41670/api/health:0
[43040187ms] [ERROR] Failed to load resource: net::ERR_CONNECTION_REFUSED @ http://localhost:41670/api/activity?limit=50:0
[43040885ms] [ERROR] Failed to load resource: net::ERR_CONNECTION_REFUSED @ http://localhost:41670/api/nodes:0
[43043819ms] [ERROR] Failed to load resource: net::ERR_CONNECTION_REFUSED @ http://localhost:41670/api/health:0
[43045885ms] [ERROR] Failed to load resource: net::ERR_CONNECTION_REFUSED @ http://localhost:41670/api/nodes:0
[43048823ms] [ERROR] Failed to load resource: net::ERR_CONNECTION_REFUSED @ http://localhost:41670/api/health:0
[43050887ms] [ERROR] Failed to load resource: net::ERR_CONNECTION_REFUSED @ http://localhost:41670/api/nodes:0
[43053826ms] [ERROR] Failed to load resource: net::ERR_CONNECTION_REFUSED @ http://localhost:41670/api/health:0
[43055886ms] [ERROR] Failed to load resource: net::ERR_CONNECTION_REFUSED @ http://localhost:41670/api/nodes:0
[43058828ms] [ERROR] Failed to load resource: net::ERR_CONNECTION_REFUSED @ http://localhost:41670/api/health:0
[43060885ms] [ERROR] Failed to load resource: net::ERR_CONNECTION_REFUSED @ http://localhost:41670/api/nodes:0
[43063830ms] [ERROR] Failed to load resource: net::ERR_CONNECTION_REFUSED @ http://localhost:41670/api/health:0
[43065885ms] [ERROR] Failed to load resource: net::ERR_CONNECTION_REFUSED @ http://localhost:41670/api/nodes:0
[43068832ms] [ERROR] Failed to load resource: net::ERR_CONNECTION_REFUSED @ http://localhost:41670/api/health:0
[43070186ms] [ERROR] Failed to load resource: net::ERR_CONNECTION_REFUSED @ http://localhost:41670/api/activity?limit=50:0
[43070884ms] [ERROR] Failed to load resource: net::ERR_CONNECTION_REFUSED @ http://localhost:41670/api/nodes:0
[43073834ms] [ERROR] Failed to load resource: net::ERR_CONNECTION_REFUSED @ http://localhost:41670/api/health:0
[43075887ms] [ERROR] Failed to load resource: net::ERR_CONNECTION_REFUSED @ http://localhost:41670/api/nodes:0
[43078837ms] [ERROR] Failed to load resource: net::ERR_CONNECTION_REFUSED @ http://localhost:41670/api/health:0
[43080885ms] [ERROR] Failed to load resource: net::ERR_CONNECTION_REFUSED @ http://localhost:41670/api/nodes:0
[43083840ms] [ERROR] Failed to load resource: net::ERR_CONNECTION_REFUSED @ http://localhost:41670/api/health:0
[43085885ms] [ERROR] Failed to load resource: net::ERR_CONNECTION_REFUSED @ http://localhost:41670/api/nodes:0
[43088843ms] [ERROR] Failed to load resource: net::ERR_CONNECTION_REFUSED @ http://localhost:41670/api/health:0
[43090885ms] [ERROR] Failed to load resource: net::ERR_CONNECTION_REFUSED @ http://localhost:41670/api/nodes:0
[43093846ms] [ERROR] Failed to load resource: net::ERR_CONNECTION_REFUSED @ http://localhost:41670/api/health:0
[43095885ms] [ERROR] Failed to load resource: net::ERR_CONNECTION_REFUSED @ http://localhost:41670/api/nodes:0
[43098849ms] [ERROR] Failed to load resource: net::ERR_CONNECTION_REFUSED @ http://localhost:41670/api/health:0
[43100187ms] [ERROR] Failed to load resource: net::ERR_CONNECTION_REFUSED @ http://localhost:41670/api/activity?limit=50:0
[43100886ms] [ERROR] Failed to load resource: net::ERR_CONNECTION_REFUSED @ http://localhost:41670/api/nodes:0
[43103851ms] [ERROR] Failed to load resource: net::ERR_CONNECTION_REFUSED @ http://localhost:41670/api/health:0
[43105886ms] [ERROR] Failed to load resource: net::ERR_CONNECTION_REFUSED @ http://localhost:41670/api/nodes:0
[43108853ms] [ERROR] Failed to load resource: net::ERR_CONNECTION_REFUSED @ http://localhost:41670/api/health:0
[43110885ms] [ERROR] Failed to load resource: net::ERR_CONNECTION_REFUSED @ http://localhost:41670/api/nodes:0
[43113855ms] [ERROR] Failed to load resource: net::ERR_CONNECTION_REFUSED @ http://localhost:41670/api/health:0
[43115885ms] [ERROR] Failed to load resource: net::ERR_CONNECTION_REFUSED @ http://localhost:41670/api/nodes:0
[43118857ms] [ERROR] Failed to load resource: net::ERR_CONNECTION_REFUSED @ http://localhost:41670/api/health:0
[43120886ms] [ERROR] Failed to load resource: net::ERR_CONNECTION_REFUSED @ http://localhost:41670/api/nodes:0
[43123859ms] [ERROR] Failed to load resource: net::ERR_CONNECTION_REFUSED @ http://localhost:41670/api/health:0
[43125886ms] [ERROR] Failed to load resource: net::ERR_CONNECTION_REFUSED @ http://localhost:41670/api/nodes:0
[43128862ms] [ERROR] Failed to load resource: net::ERR_CONNECTION_REFUSED @ http://localhost:41670/api/health:0
[43130186ms] [ERROR] Failed to load resource: net::ERR_CONNECTION_REFUSED @ http://localhost:41670/api/activity?limit=50:0
[43130885ms] [ERROR] Failed to load resource: net::ERR_CONNECTION_REFUSED @ http://localhost:41670/api/nodes:0
[43133865ms] [ERROR] Failed to load resource: net::ERR_CONNECTION_REFUSED @ http://localhost:41670/api/health:0
[43135886ms] [ERROR] Failed to load resource: net::ERR_CONNECTION_REFUSED @ http://localhost:41670/api/nodes:0
[43138866ms] [ERROR] Failed to load resource: net::ERR_CONNECTION_REFUSED @ http://localhost:41670/api/health:0
[43140886ms] [ERROR] Failed to load resource: net::ERR_CONNECTION_REFUSED @ http://localhost:41670/api/nodes:0
[43143869ms] [ERROR] Failed to load resource: net::ERR_CONNECTION_REFUSED @ http://localhost:41670/api/health:0
[43145886ms] [ERROR] Failed to load resource: net::ERR_CONNECTION_REFUSED @ http://localhost:41670/api/nodes:0
[43148873ms] [ERROR] Failed to load resource: net::ERR_CONNECTION_REFUSED @ http://localhost:41670/api/health:0
[43150886ms] [ERROR] Failed to load resource: net::ERR_CONNECTION_REFUSED @ http://localhost:41670/api/nodes:0
[43153875ms] [ERROR] Failed to load resource: net::ERR_CONNECTION_REFUSED @ http://localhost:41670/api/health:0
[43155886ms] [ERROR] Failed to load resource: net::ERR_CONNECTION_REFUSED @ http://localhost:41670/api/nodes:0
[43158877ms] [ERROR] Failed to load resource: net::ERR_CONNECTION_REFUSED @ http://localhost:41670/api/health:0
[43160187ms] [ERROR] Failed to load resource: net::ERR_CONNECTION_REFUSED @ http://localhost:41670/api/activity?limit=50:0
[43160886ms] [ERROR] Failed to load resource: net::ERR_CONNECTION_REFUSED @ http://localhost:41670/api/nodes:0
[43163880ms] [ERROR] Failed to load resource: net::ERR_CONNECTION_REFUSED @ http://localhost:41670/api/health:0
[43165885ms] [ERROR] Failed to load resource: net::ERR_CONNECTION_REFUSED @ http://localhost:41670/api/nodes:0
[43168883ms] [ERROR] Failed to load resource: net::ERR_CONNECTION_REFUSED @ http://localhost:41670/api/health:0
[43170887ms] [ERROR] Failed to load resource: net::ERR_CONNECTION_REFUSED @ http://localhost:41670/api/nodes:0
[43173886ms] [ERROR] Failed to load resource: net::ERR_CONNECTION_REFUSED @ http://localhost:41670/api/health:0
[43175885ms] [ERROR] Failed to load resource: net::ERR_CONNECTION_REFUSED @ http://localhost:41670/api/nodes:0
[43178890ms] [ERROR] Failed to load resource: net::ERR_CONNECTION_REFUSED @ http://localhost:41670/api/health:0
[43180887ms] [ERROR] Failed to load resource: net::ERR_CONNECTION_REFUSED @ http://localhost:41670/api/nodes:0
[43183893ms] [ERROR] Failed to load resource: net::ERR_CONNECTION_REFUSED @ http://localhost:41670/api/health:0
[43185886ms] [ERROR] Failed to load resource: net::ERR_CONNECTION_REFUSED @ http://localhost:41670/api/nodes:0
[43188896ms] [ERROR] Failed to load resource: net::ERR_CONNECTION_REFUSED @ http://localhost:41670/api/health:0
[43190188ms] [ERROR] Failed to load resource: net::ERR_CONNECTION_REFUSED @ http://localhost:41670/api/activity?limit=50:0
[43190886ms] [ERROR] Failed to load resource: net::ERR_CONNECTION_REFUSED @ http://localhost:41670/api/nodes:0
[43193898ms] [ERROR] Failed to load resource: net::ERR_CONNECTION_REFUSED @ http://localhost:41670/api/health:0
[43195886ms] [ERROR] Failed to load resource: net::ERR_CONNECTION_REFUSED @ http://localhost:41670/api/nodes:0
[43198901ms] [ERROR] Failed to load resource: net::ERR_CONNECTION_REFUSED @ http://localhost:41670/api/health:0
[43200886ms] [ERROR] Failed to load resource: net::ERR_CONNECTION_REFUSED @ http://localhost:41670/api/nodes:0
[43203903ms] [ERROR] Failed to load resource: net::ERR_CONNECTION_REFUSED @ http://localhost:41670/api/health:0
[43205885ms] [ERROR] Failed to load resource: net::ERR_CONNECTION_REFUSED @ http://localhost:41670/api/nodes:0
[43208905ms] [ERROR] Failed to load resource: net::ERR_CONNECTION_REFUSED @ http://localhost:41670/api/health:0
[43210885ms] [ERROR] Failed to load resource: net::ERR_CONNECTION_REFUSED @ http://localhost:41670/api/nodes:0
[43213908ms] [ERROR] Failed to load resource: net::ERR_CONNECTION_REFUSED @ http://localhost:41670/api/health:0
[43215886ms] [ERROR] Failed to load resource: net::ERR_CONNECTION_REFUSED @ http://localhost:41670/api/nodes:0
[43218910ms] [ERROR] Failed to load resource: net::ERR_CONNECTION_REFUSED @ http://localhost:41670/api/health:0
[43220187ms] [ERROR] Failed to load resource: net::ERR_CONNECTION_REFUSED @ http://localhost:41670/api/activity?limit=50:0
[43220885ms] [ERROR] Failed to load resource: net::ERR_CONNECTION_REFUSED @ http://localhost:41670/api/nodes:0
[43223914ms] [ERROR] Failed to load resource: net::ERR_CONNECTION_REFUSED @ http://localhost:41670/api/health:0
[43225885ms] [ERROR] Failed to load resource: net::ERR_CONNECTION_REFUSED @ http://localhost:41670/api/nodes:0
[43228916ms] [ERROR] Failed to load resource: net::ERR_CONNECTION_REFUSED @ http://localhost:41670/api/health:0
[43230886ms] [ERROR] Failed to load resource: net::ERR_CONNECTION_REFUSED @ http://localhost:41670/api/nodes:0
[43233918ms] [ERROR] Failed to load resource: net::ERR_CONNECTION_REFUSED @ http://localhost:41670/api/health:0
[43235886ms] [ERROR] Failed to load resource: net::ERR_CONNECTION_REFUSED @ http://localhost:41670/api/nodes:0
[43238921ms] [ERROR] Failed to load resource: net::ERR_CONNECTION_REFUSED @ http://localhost:41670/api/health:0
[43240885ms] [ERROR] Failed to load resource: net::ERR_CONNECTION_REFUSED @ http://localhost:41670/api/nodes:0
[43243923ms] [ERROR] Failed to load resource: net::ERR_CONNECTION_REFUSED @ http://localhost:41670/api/health:0
[43245886ms] [ERROR] Failed to load resource: net::ERR_CONNECTION_REFUSED @ http://localhost:41670/api/nodes:0
[43248925ms] [ERROR] Failed to load resource: net::ERR_CONNECTION_REFUSED @ http://localhost:41670/api/health:0
[43250188ms] [ERROR] Failed to load resource: net::ERR_CONNECTION_REFUSED @ http://localhost:41670/api/activity?limit=50:0
[43250886ms] [ERROR] Failed to load resource: net::ERR_CONNECTION_REFUSED @ http://localhost:41670/api/nodes:0
[43253926ms] [ERROR] Failed to load resource: net::ERR_CONNECTION_REFUSED @ http://localhost:41670/api/health:0
[43255888ms] [ERROR] Failed to load resource: net::ERR_CONNECTION_REFUSED @ http://localhost:41670/api/nodes:0
[43258928ms] [ERROR] Failed to load resource: net::ERR_CONNECTION_REFUSED @ http://localhost:41670/api/health:0
[43260886ms] [ERROR] Failed to load resource: net::ERR_CONNECTION_REFUSED @ http://localhost:41670/api/nodes:0
[43263931ms] [ERROR] Failed to load resource: net::ERR_CONNECTION_REFUSED @ http://localhost:41670/api/health:0
[43265886ms] [ERROR] Failed to load resource: net::ERR_CONNECTION_REFUSED @ http://localhost:41670/api/nodes:0
[43268932ms] [ERROR] Failed to load resource: net::ERR_CONNECTION_REFUSED @ http://localhost:41670/api/health:0
[43270887ms] [ERROR] Failed to load resource: net::ERR_CONNECTION_REFUSED @ http://localhost:41670/api/nodes:0
[43273934ms] [ERROR] Failed to load resource: net::ERR_CONNECTION_REFUSED @ http://localhost:41670/api/health:0
[43275886ms] [ERROR] Failed to load resource: net::ERR_CONNECTION_REFUSED @ http://localhost:41670/api/nodes:0
[43278936ms] [ERROR] Failed to load resource: net::ERR_CONNECTION_REFUSED @ http://localhost:41670/api/health:0
[43280189ms] [ERROR] Failed to load resource: net::ERR_CONNECTION_REFUSED @ http://localhost:41670/api/activity?limit=50:0
[43280886ms] [ERROR] Failed to load resource: net::ERR_CONNECTION_REFUSED @ http://localhost:41670/api/nodes:0
[43283939ms] [ERROR] Failed to load resource: net::ERR_CONNECTION_REFUSED @ http://localhost:41670/api/health:0
[43285886ms] [ERROR] Failed to load resource: net::ERR_CONNECTION_REFUSED @ http://localhost:41670/api/nodes:0
[43288941ms] [ERROR] Failed to load resource: net::ERR_CONNECTION_REFUSED @ http://localhost:41670/api/health:0
[43290886ms] [ERROR] Failed to load resource: net::ERR_CONNECTION_REFUSED @ http://localhost:41670/api/nodes:0
[43293943ms] [ERROR] Failed to load resource: net::ERR_CONNECTION_REFUSED @ http://localhost:41670/api/health:0
[43295885ms] [ERROR] Failed to load resource: net::ERR_CONNECTION_REFUSED @ http://localhost:41670/api/nodes:0
[43298946ms] [ERROR] Failed to load resource: net::ERR_CONNECTION_REFUSED @ http://localhost:41670/api/health:0
[43300885ms] [ERROR] Failed to load resource: net::ERR_CONNECTION_REFUSED @ http://localhost:41670/api/nodes:0
[43303949ms] [ERROR] Failed to load resource: net::ERR_CONNECTION_REFUSED @ http://localhost:41670/api/health:0
[43305887ms] [ERROR] Failed to load resource: net::ERR_CONNECTION_REFUSED @ http://localhost:41670/api/nodes:0
[43308951ms] [ERROR] Failed to load resource: net::ERR_CONNECTION_REFUSED @ http://localhost:41670/api/health:0
[43310188ms] [ERROR] Failed to load resource: net::ERR_CONNECTION_REFUSED @ http://localhost:41670/api/activity?limit=50:0
[43310886ms] [ERROR] Failed to load resource: net::ERR_CONNECTION_REFUSED @ http://localhost:41670/api/nodes:0
[43313953ms] [ERROR] Failed to load resource: net::ERR_CONNECTION_REFUSED @ http://localhost:41670/api/health:0
[43315886ms] [ERROR] Failed to load resource: net::ERR_CONNECTION_REFUSED @ http://localhost:41670/api/nodes:0
[43318958ms] [ERROR] Failed to load resource: net::ERR_CONNECTION_REFUSED @ http://localhost:41670/api/health:0
[43320886ms] [ERROR] Failed to load resource: net::ERR_CONNECTION_REFUSED @ http://localhost:41670/api/nodes:0
[43323961ms] [ERROR] Failed to load resource: net::ERR_CONNECTION_REFUSED @ http://localhost:41670/api/health:0
[43325886ms] [ERROR] Failed to load resource: net::ERR_CONNECTION_REFUSED @ http://localhost:41670/api/nodes:0
[43328965ms] [ERROR] Failed to load resource: net::ERR_CONNECTION_REFUSED @ http://localhost:41670/api/health:0
[43330886ms] [ERROR] Failed to load resource: net::ERR_CONNECTION_REFUSED @ http://localhost:41670/api/nodes:0
[43333967ms] [ERROR] Failed to load resource: net::ERR_CONNECTION_REFUSED @ http://localhost:41670/api/health:0
[43335887ms] [ERROR] Failed to load resource: net::ERR_CONNECTION_REFUSED @ http://localhost:41670/api/nodes:0
[43338970ms] [ERROR] Failed to load resource: net::ERR_CONNECTION_REFUSED @ http://localhost:41670/api/health:0
[43340187ms] [ERROR] Failed to load resource: net::ERR_CONNECTION_REFUSED @ http://localhost:41670/api/activity?limit=50:0
[43340886ms] [ERROR] Failed to load resource: net::ERR_CONNECTION_REFUSED @ http://localhost:41670/api/nodes:0
[43343972ms] [ERROR] Failed to load resource: net::ERR_CONNECTION_REFUSED @ http://localhost:41670/api/health:0
[43345887ms] [ERROR] Failed to load resource: net::ERR_CONNECTION_REFUSED @ http://localhost:41670/api/nodes:0
[43348975ms] [ERROR] Failed to load resource: net::ERR_CONNECTION_REFUSED @ http://localhost:41670/api/health:0
[43350887ms] [ERROR] Failed to load resource: net::ERR_CONNECTION_REFUSED @ http://localhost:41670/api/nodes:0
[43353978ms] [ERROR] Failed to load resource: net::ERR_CONNECTION_REFUSED @ http://localhost:41670/api/health:0
[43355886ms] [ERROR] Failed to load resource: net::ERR_CONNECTION_REFUSED @ http://localhost:41670/api/nodes:0
[43358980ms] [ERROR] Failed to load resource: net::ERR_CONNECTION_REFUSED @ http://localhost:41670/api/health:0
[43360886ms] [ERROR] Failed to load resource: net::ERR_CONNECTION_REFUSED @ http://localhost:41670/api/nodes:0
[43363982ms] [ERROR] Failed to load resource: net::ERR_CONNECTION_REFUSED @ http://localhost:41670/api/health:0
[43365886ms] [ERROR] Failed to load resource: net::ERR_CONNECTION_REFUSED @ http://localhost:41670/api/nodes:0
[43368983ms] [ERROR] Failed to load resource: net::ERR_CONNECTION_REFUSED @ http://localhost:41670/api/health:0
[43370187ms] [ERROR] Failed to load resource: net::ERR_CONNECTION_REFUSED @ http://localhost:41670/api/activity?limit=50:0
[43370886ms] [ERROR] Failed to load resource: net::ERR_CONNECTION_REFUSED @ http://localhost:41670/api/nodes:0
[43373985ms] [ERROR] Failed to load resource: net::ERR_CONNECTION_REFUSED @ http://localhost:41670/api/health:0
[43375886ms] [ERROR] Failed to load resource: net::ERR_CONNECTION_REFUSED @ http://localhost:41670/api/nodes:0
[43378988ms] [ERROR] Failed to load resource: net::ERR_CONNECTION_REFUSED @ http://localhost:41670/api/health:0
[43380886ms] [ERROR] Failed to load resource: net::ERR_CONNECTION_REFUSED @ http://localhost:41670/api/nodes:0
[43383990ms] [ERROR] Failed to load resource: net::ERR_CONNECTION_REFUSED @ http://localhost:41670/api/health:0
[43385886ms] [ERROR] Failed to load resource: net::ERR_CONNECTION_REFUSED @ http://localhost:41670/api/nodes:0
[43388991ms] [ERROR] Failed to load resource: net::ERR_CONNECTION_REFUSED @ http://localhost:41670/api/health:0
[43390887ms] [ERROR] Failed to load resource: net::ERR_CONNECTION_REFUSED @ http://localhost:41670/api/nodes:0
[43393994ms] [ERROR] Failed to load resource: net::ERR_CONNECTION_REFUSED @ http://localhost:41670/api/health:0
[43395887ms] [ERROR] Failed to load resource: net::ERR_CONNECTION_REFUSED @ http://localhost:41670/api/nodes:0
[43398996ms] [ERROR] Failed to load resource: net::ERR_CONNECTION_REFUSED @ http://localhost:41670/api/health:0
[43400187ms] [ERROR] Failed to load resource: net::ERR_CONNECTION_REFUSED @ http://localhost:41670/api/activity?limit=50:0
[43400887ms] [ERROR] Failed to load resource: net::ERR_CONNECTION_REFUSED @ http://localhost:41670/api/nodes:0
[43403998ms] [ERROR] Failed to load resource: net::ERR_CONNECTION_REFUSED @ http://localhost:41670/api/health:0
[43405885ms] [ERROR] Failed to load resource: net::ERR_CONNECTION_REFUSED @ http://localhost:41670/api/nodes:0
[43409000ms] [ERROR] Failed to load resource: net::ERR_CONNECTION_REFUSED @ http://localhost:41670/api/health:0
[43410887ms] [ERROR] Failed to load resource: net::ERR_CONNECTION_REFUSED @ http://localhost:41670/api/nodes:0
[43414002ms] [ERROR] Failed to load resource: net::ERR_CONNECTION_REFUSED @ http://localhost:41670/api/health:0
[43415886ms] [ERROR] Failed to load resource: net::ERR_CONNECTION_REFUSED @ http://localhost:41670/api/nodes:0
[43419004ms] [ERROR] Failed to load resource: net::ERR_CONNECTION_REFUSED @ http://localhost:41670/api/health:0
[43420886ms] [ERROR] Failed to load resource: net::ERR_CONNECTION_REFUSED @ http://localhost:41670/api/nodes:0
[43424006ms] [ERROR] Failed to load resource: net::ERR_CONNECTION_REFUSED @ http://localhost:41670/api/health:0
[43425886ms] [ERROR] Failed to load resource: net::ERR_CONNECTION_REFUSED @ http://localhost:41670/api/nodes:0
[43429008ms] [ERROR] Failed to load resource: net::ERR_CONNECTION_REFUSED @ http://localhost:41670/api/health:0
[43430189ms] [ERROR] Failed to load resource: net::ERR_CONNECTION_REFUSED @ http://localhost:41670/api/activity?limit=50:0
[43430886ms] [ERROR] Failed to load resource: net::ERR_CONNECTION_REFUSED @ http://localhost:41670/api/nodes:0
[43434010ms] [ERROR] Failed to load resource: net::ERR_CONNECTION_REFUSED @ http://localhost:41670/api/health:0
[43435886ms] [ERROR] Failed to load resource: net::ERR_CONNECTION_REFUSED @ http://localhost:41670/api/nodes:0
[43439013ms] [ERROR] Failed to load resource: net::ERR_CONNECTION_REFUSED @ http://localhost:41670/api/health:0
[43440885ms] [ERROR] Failed to load resource: net::ERR_CONNECTION_REFUSED @ http://localhost:41670/api/nodes:0
[43444014ms] [ERROR] Failed to load resource: net::ERR_CONNECTION_REFUSED @ http://localhost:41670/api/health:0
[43445887ms] [ERROR] Failed to load resource: net::ERR_CONNECTION_REFUSED @ http://localhost:41670/api/nodes:0
[43449017ms] [ERROR] Failed to load resource: net::ERR_CONNECTION_REFUSED @ http://localhost:41670/api/health:0
[43450887ms] [ERROR] Failed to load resource: net::ERR_CONNECTION_REFUSED @ http://localhost:41670/api/nodes:0
[43454019ms] [ERROR] Failed to load resource: net::ERR_CONNECTION_REFUSED @ http://localhost:41670/api/health:0
[43455887ms] [ERROR] Failed to load resource: net::ERR_CONNECTION_REFUSED @ http://localhost:41670/api/nodes:0
[43459021ms] [ERROR] Failed to load resource: net::ERR_CONNECTION_REFUSED @ http://localhost:41670/api/health:0
[43460189ms] [ERROR] Failed to load resource: net::ERR_CONNECTION_REFUSED @ http://localhost:41670/api/activity?limit=50:0
[43460886ms] [ERROR] Failed to load resource: net::ERR_CONNECTION_REFUSED @ http://localhost:41670/api/nodes:0
[43464023ms] [ERROR] Failed to load resource: net::ERR_CONNECTION_REFUSED @ http://localhost:41670/api/health:0
[43465885ms] [ERROR] Failed to load resource: net::ERR_CONNECTION_REFUSED @ http://localhost:41670/api/nodes:0
[43469025ms] [ERROR] Failed to load resource: net::ERR_CONNECTION_REFUSED @ http://localhost:41670/api/health:0
[43470886ms] [ERROR] Failed to load resource: net::ERR_CONNECTION_REFUSED @ http://localhost:41670/api/nodes:0
[43474027ms] [ERROR] Failed to load resource: net::ERR_CONNECTION_REFUSED @ http://localhost:41670/api/health:0
[43475887ms] [ERROR] Failed to load resource: net::ERR_CONNECTION_REFUSED @ http://localhost:41670/api/nodes:0
[43479029ms] [ERROR] Failed to load resource: net::ERR_CONNECTION_REFUSED @ http://localhost:41670/api/health:0
[43480886ms] [ERROR] Failed to load resource: net::ERR_CONNECTION_REFUSED @ http://localhost:41670/api/nodes:0
[43484031ms] [ERROR] Failed to load resource: net::ERR_CONNECTION_REFUSED @ http://localhost:41670/api/health:0
[43485887ms] [ERROR] Failed to load resource: net::ERR_CONNECTION_REFUSED @ http://localhost:41670/api/nodes:0
[43489033ms] [ERROR] Failed to load resource: net::ERR_CONNECTION_REFUSED @ http://localhost:41670/api/health:0
[43490188ms] [ERROR] Failed to load resource: net::ERR_CONNECTION_REFUSED @ http://localhost:41670/api/activity?limit=50:0
[43490886ms] [ERROR] Failed to load resource: net::ERR_CONNECTION_REFUSED @ http://localhost:41670/api/nodes:0
[43494035ms] [ERROR] Failed to load resource: net::ERR_CONNECTION_REFUSED @ http://localhost:41670/api/health:0
[43495886ms] [ERROR] Failed to load resource: net::ERR_CONNECTION_REFUSED @ http://localhost:41670/api/nodes:0
[43499037ms] [ERROR] Failed to load resource: net::ERR_CONNECTION_REFUSED @ http://localhost:41670/api/health:0
[43500886ms] [ERROR] Failed to load resource: net::ERR_CONNECTION_REFUSED @ http://localhost:41670/api/nodes:0
[43504039ms] [ERROR] Failed to load resource: net::ERR_CONNECTION_REFUSED @ http://localhost:41670/api/health:0
[43505886ms] [ERROR] Failed to load resource: net::ERR_CONNECTION_REFUSED @ http://localhost:41670/api/nodes:0
[43509040ms] [ERROR] Failed to load resource: net::ERR_CONNECTION_REFUSED @ http://localhost:41670/api/health:0
[43510886ms] [ERROR] Failed to load resource: net::ERR_CONNECTION_REFUSED @ http://localhost:41670/api/nodes:0
[43514043ms] [ERROR] Failed to load resource: net::ERR_CONNECTION_REFUSED @ http://localhost:41670/api/health:0
[43515887ms] [ERROR] Failed to load resource: net::ERR_CONNECTION_REFUSED @ http://localhost:41670/api/nodes:0
[43519045ms] [ERROR] Failed to load resource: net::ERR_CONNECTION_REFUSED @ http://localhost:41670/api/health:0
[43520189ms] [ERROR] Failed to load resource: net::ERR_CONNECTION_REFUSED @ http://localhost:41670/api/activity?limit=50:0
[43520886ms] [ERROR] Failed to load resource: net::ERR_CONNECTION_REFUSED @ http://localhost:41670/api/nodes:0
[43524048ms] [ERROR] Failed to load resource: net::ERR_CONNECTION_REFUSED @ http://localhost:41670/api/health:0
[43525887ms] [ERROR] Failed to load resource: net::ERR_CONNECTION_REFUSED @ http://localhost:41670/api/nodes:0
[43529050ms] [ERROR] Failed to load resource: net::ERR_CONNECTION_REFUSED @ http://localhost:41670/api/health:0
[43530887ms] [ERROR] Failed to load resource: net::ERR_CONNECTION_REFUSED @ http://localhost:41670/api/nodes:0
[43534052ms] [ERROR] Failed to load resource: net::ERR_CONNECTION_REFUSED @ http://localhost:41670/api/health:0
[43535887ms] [ERROR] Failed to load resource: net::ERR_CONNECTION_REFUSED @ http://localhost:41670/api/nodes:0
[43539054ms] [ERROR] Failed to load resource: net::ERR_CONNECTION_REFUSED @ http://localhost:41670/api/health:0
[43540886ms] [ERROR] Failed to load resource: net::ERR_CONNECTION_REFUSED @ http://localhost:41670/api/nodes:0
[43544056ms] [ERROR] Failed to load resource: net::ERR_CONNECTION_REFUSED @ http://localhost:41670/api/health:0
[43545887ms] [ERROR] Failed to load resource: net::ERR_CONNECTION_REFUSED @ http://localhost:41670/api/nodes:0
[43549058ms] [ERROR] Failed to load resource: net::ERR_CONNECTION_REFUSED @ http://localhost:41670/api/health:0
[43550189ms] [ERROR] Failed to load resource: net::ERR_CONNECTION_REFUSED @ http://localhost:41670/api/activity?limit=50:0
[43550887ms] [ERROR] Failed to load resource: net::ERR_CONNECTION_REFUSED @ http://localhost:41670/api/nodes:0
[43554060ms] [ERROR] Failed to load resource: net::ERR_CONNECTION_REFUSED @ http://localhost:41670/api/health:0
[43555886ms] [ERROR] Failed to load resource: net::ERR_CONNECTION_REFUSED @ http://localhost:41670/api/nodes:0
[43559063ms] [ERROR] Failed to load resource: net::ERR_CONNECTION_REFUSED @ http://localhost:41670/api/health:0
[43560887ms] [ERROR] Failed to load resource: net::ERR_CONNECTION_REFUSED @ http://localhost:41670/api/nodes:0
[43564064ms] [ERROR] Failed to load resource: net::ERR_CONNECTION_REFUSED @ http://localhost:41670/api/health:0
[43565886ms] [ERROR] Failed to load resource: net::ERR_CONNECTION_REFUSED @ http://localhost:41670/api/nodes:0
[43569066ms] [ERROR] Failed to load resource: net::ERR_CONNECTION_REFUSED @ http://localhost:41670/api/health:0
[43570886ms] [ERROR] Failed to load resource: net::ERR_CONNECTION_REFUSED @ http://localhost:41670/api/nodes:0
[43574067ms] [ERROR] Failed to load resource: net::ERR_CONNECTION_REFUSED @ http://localhost:41670/api/health:0
[43575887ms] [ERROR] Failed to load resource: net::ERR_CONNECTION_REFUSED @ http://localhost:41670/api/nodes:0
[43579069ms] [ERROR] Failed to load resource: net::ERR_CONNECTION_REFUSED @ http://localhost:41670/api/health:0
[43580187ms] [ERROR] Failed to load resource: net::ERR_CONNECTION_REFUSED @ http://localhost:41670/api/activity?limit=50:0
[43580886ms] [ERROR] Failed to load resource: net::ERR_CONNECTION_REFUSED @ http://localhost:41670/api/nodes:0
[43584071ms] [ERROR] Failed to load resource: net::ERR_CONNECTION_REFUSED @ http://localhost:41670/api/health:0
[43585886ms] [ERROR] Failed to load resource: net::ERR_CONNECTION_REFUSED @ http://localhost:41670/api/nodes:0
[43592754ms] [WARNING] cdn.tailwindcss.com should not be used in production. To use Tailwind CSS in production, install it as a PostCSS plugin or use the Tailwind CLI: https://tailwindcss.com/docs/installation @ https://cdn.tailwindcss.com/:63
